,open,high,low,close,volume,vwap,timestamp,transactions,otc,ticker
0,73.36,73.47,73.34,73.39,6924239.0,73.3976,2023-12-19 05:00:00+00:00,27494,,BND
1,472.53,474.92,472.45,474.84,55761805.0,473.9757,2023-12-19 05:00:00+00:00,416103,,SPY
2,48.35,48.38,48.35,48.35,725110.0,48.3622,2023-12-19 05:00:00+00:00,719,,VNLA
3,88.5,88.996,88.42,88.75,5787080.0,88.7594,2023-12-19 05:00:00+00:00,53518,,VNQ
4,101.67,102.19,101.67,102.17,1992131.0,102.0314,2023-12-19 05:00:00+00:00,12852,,VT
5,73.51,73.67,73.4028,73.63,7496305.0,73.5001,2023-12-20 05:00:00+00:00,26465,,BND
6,473.96,475.895,467.82,468.26,102920959.0,471.6749,2023-12-20 05:00:00+00:00,666863,,SPY
7,48.37,48.4112,48.37,48.39,635538.0,48.3939,2023-12-20 05:00:00+00:00,2016,,VNLA
8,88.84,89.46,87.605,87.67,6072648.0,88.6674,2023-12-20 05:00:00+00:00,65260,,VNQ
9,102.04,102.345,100.74,100.77,2707624.0,101.6752,2023-12-20 05:00:00+00:00,20099,,VT
10,73.78,73.82,73.51,73.62,6912662.0,73.6172,2023-12-21 05:00:00+00:00,27084,,BND
11,471.33,472.975,468.84,472.7,86667465.0,471.2282,2023-12-21 05:00:00+00:00,600897,,SPY
12,48.42,48.45,48.37,48.44,422227.0,48.4244,2023-12-21 05:00:00+00:00,1494,,VNLA
13,87.35,87.585,86.425,87.37,4429976.0,87.0014,2023-12-21 05:00:00+00:00,51640,,VNQ
14,101.66,102.09,101.3,102.07,1732575.0,101.722,2023-12-21 05:00:00+00:00,14036,,VT
15,73.53,73.54,73.28,73.36,5890812.0,73.3667,2023-12-22 05:00:00+00:00,24551,,BND
16,473.86,475.38,471.7,473.65,67160419.0,473.7998,2023-12-22 05:00:00+00:00,486178,,SPY
17,48.23,48.2747,48.23,48.25,688690.0,48.2575,2023-12-22 05:00:00+00:00,1509,,VNLA
18,87.71,88.41,87.27,87.71,5100263.0,87.7871,2023-12-22 05:00:00+00:00,52407,,VNQ
19,102.25,102.51,101.85,102.22,1975448.0,102.2889,2023-12-22 05:00:00+00:00,15244,,VT
20,73.35,73.48,73.32,73.43,6394785.0,73.404,2023-12-26 05:00:00+00:00,34290,,BND
21,474.07,476.58,473.99,475.65,55386952.0,475.1113,2023-12-26 05:00:00+00:00,348986,,SPY
22,48.26,48.28,48.25,48.28,352533.0,48.2688,2023-12-26 05:00:00+00:00,1179,,VNLA
23,87.68,88.6,87.585,88.36,4336567.0,88.179,2023-12-26 05:00:00+00:00,39863,,VNQ
24,102.36,102.915,102.34,102.73,1221979.0,102.6315,2023-12-26 05:00:00+00:00,12267,,VT
25,73.7,73.92,73.635,73.9,7467728.0,73.7889,2023-12-27 05:00:00+00:00,28566,,BND
26,475.44,476.66,474.89,476.51,68000311.0,475.7705,2023-12-27 05:00:00+00:00,425537,,SPY
27,48.29,48.33,48.27,48.32,186618.0,48.3024,2023-12-27 05:00:00+00:00,859,,VNLA
28,88.53,88.9,88.125,88.79,5383566.0,88.6291,2023-12-27 05:00:00+00:00,49140,,VNQ
29,102.8,103.11,102.76,103.03,1414712.0,102.9151,2023-12-27 05:00:00+00:00,14806,,VT
30,73.81,73.8899,73.6422,73.725,8166560.0,73.7462,2023-12-28 05:00:00+00:00,35856,,BND
31,476.88,477.55,476.26,476.69,77158116.0,476.7747,2023-12-28 05:00:00+00:00,374240,,SPY
32,48.31,48.335,48.3,48.31,370183.0,48.3132,2023-12-28 05:00:00+00:00,1294,,VNLA
33,88.68,89.42,88.56,89.42,3879220.0,89.0327,2023-12-28 05:00:00+00:00,41692,,VNQ
34,103.18,103.4,103.03,103.1,2707891.0,103.2044,2023-12-28 05:00:00+00:00,16040,,VT
35,73.55,73.71,73.48,73.55,6939768.0,73.6007,2023-12-29 05:00:00+00:00,29675,,BND
36,476.49,477.03,473.3,475.31,122283149.0,475.364,2023-12-29 05:00:00+00:00,604832,,SPY
37,48.32,48.34,48.305,48.32,458614.0,48.3209,2023-12-29 05:00:00+00:00,1179,,VNLA
38,89.1,89.17,88.26,88.36,5331557.0,88.7123,2023-12-29 05:00:00+00:00,49306,,VNQ
39,103.15,103.285,102.63,102.88,2336255.0,102.9208,2023-12-29 05:00:00+00:00,19452,,VT
40,73.26,73.3565,73.19,73.24,8334302.0,73.2531,2024-01-02 05:00:00+00:00,41209,,BND
41,472.16,473.67,470.49,472.65,123007793.0,472.5096,2024-01-02 05:00:00+00:00,657585,,SPY
42,48.3,48.325,48.29,48.3001,1018823.0,48.3031,2024-01-02 05:00:00+00:00,1551,,VNLA
43,88.048,89.26,87.68,89.12,6057866.0,88.7848,2024-01-02 05:00:00+00:00,65303,,VNQ
44,102.09,102.33,101.69,102.01,4661493.0,102.0367,2024-01-02 05:00:00+00:00,28252,,VT
45,73.005,73.3484,72.88,73.3,6477445.0,73.1404,2024-01-03 05:00:00+00:00,34710,,BND
46,470.43,471.19,468.17,468.79,103585866.0,469.8984,2024-01-03 05:00:00+00:00,656570,,SPY
47,48.3,48.325,48.29,48.32,1066924.0,48.3041,2024-01-03 05:00:00+00:00,1606,,VNLA
48,88.42,88.42,86.82,86.99,5159613.0,87.3722,2024-01-03 05:00:00+00:00,55141,,VNQ
49,101.4,101.59,100.95,101.13,1802222.0,101.2473,2024-01-03 05:00:00+00:00,20221,,VT
50,72.96,73.05,72.8848,72.965,5056935.0,72.9639,2024-01-04 05:00:00+00:00,30149,,BND
51,468.3,470.96,467.05,467.28,84232169.0,468.5542,2024-01-04 05:00:00+00:00,536471,,SPY
52,48.32,48.33,48.3,48.3,403634.0,48.3127,2024-01-04 05:00:00+00:00,1594,,VNLA
53,86.82,87.42,86.45,86.83,5610027.0,86.9587,2024-01-04 05:00:00+00:00,53322,,VNQ
54,101.03,101.65,100.95,101.01,2845183.0,101.3309,2024-01-04 05:00:00+00:00,19704,,VT
55,72.76,73.1697,72.695,72.75,6223549.0,72.9132,2024-01-05 05:00:00+00:00,31157,,BND
56,467.49,470.44,466.43,467.92,86118913.0,468.0779,2024-01-05 05:00:00+00:00,562579,,SPY
57,48.3,48.35,48.3,48.3,819819.0,48.3239,2024-01-05 05:00:00+00:00,2641,,VNLA
58,86.2,87.37,85.7,86.61,3805994.0,86.631,2024-01-05 05:00:00+00:00,47119,,VNQ
59,101.0,101.785,100.92,101.13,1830095.0,101.2695,2024-01-05 05:00:00+00:00,16385,,VT
60,72.83,73.18,72.79,73.07,7937487.0,73.0734,2024-01-08 05:00:00+00:00,34313,,BND
61,468.43,474.75,468.3,474.6,74879074.0,471.9674,2024-01-08 05:00:00+00:00,523806,,SPY
62,48.31,48.35,48.31,48.34,1268452.0,48.331,2024-01-08 05:00:00+00:00,1938,,VNLA
63,86.56,87.95,86.36,87.85,5372104.0,87.5699,2024-01-08 05:00:00+00:00,49213,,VNQ
64,101.06,102.365,101.06,102.35,3880139.0,101.7414,2024-01-08 05:00:00+00:00,22838,,VT
65,72.98,73.135,72.95,73.06,5649472.0,73.0516,2024-01-09 05:00:00+00:00,28644,,BND
66,471.87,474.93,471.35,473.88,65931439.0,473.5418,2024-01-09 05:00:00+00:00,448472,,SPY
67,48.37,48.38,48.34,48.36,576737.0,48.3643,2024-01-09 05:00:00+00:00,2360,,VNLA
68,87.0,87.61,86.58,87.26,3819000.0,87.2171,2024-01-09 05:00:00+00:00,42744,,VNQ
69,101.62,102.1,101.47,101.85,2271037.0,101.7849,2024-01-09 05:00:00+00:00,17992,,VT
70,73.19,73.24,72.93,72.93,6578359.0,73.0148,2024-01-10 05:00:00+00:00,25622,,BND
71,474.16,477.4481,473.87,476.56,67310640.0,475.682,2024-01-10 05:00:00+00:00,470045,,SPY
72,48.36,48.39,48.35,48.39,373939.0,48.3746,2024-01-10 05:00:00+00:00,763,,VNLA
73,87.44,87.7699,87.04,87.36,3649878.0,87.394,2024-01-10 05:00:00+00:00,38538,,VNQ
74,101.96,102.505,101.86,102.35,2166151.0,102.1252,2024-01-10 05:00:00+00:00,16431,,VT
75,73.04,73.355,72.94,73.31,7537308.0,73.0913,2024-01-11 05:00:00+00:00,24387,,BND
76,477.59,478.12,472.26,476.35,77940723.0,475.3157,2024-01-11 05:00:00+00:00,576612,,SPY
77,48.4,48.47,48.4,48.46,392384.0,48.4353,2024-01-11 05:00:00+00:00,1536,,VNLA
78,87.18,87.18,86.05,86.55,5512691.0,86.4553,2024-01-11 05:00:00+00:00,57462,,VNQ
79,102.52,102.64,101.435,102.31,2938940.0,101.8712,2024-01-11 05:00:00+00:00,20452,,VT
80,73.49,73.64,73.35,73.455,4461306.0,73.466,2024-01-12 05:00:00+00:00,21170,,BND
81,477.84,478.6,475.23,476.68,58026420.0,476.5875,2024-01-12 05:00:00+00:00,470855,,SPY
82,48.48,48.49,48.47,48.48,326193.0,48.4812,2024-01-12 05:00:00+00:00,1444,,VNLA
83,87.42,87.696,86.63,87.07,3070446.0,87.0611,2024-01-12 05:00:00+00:00,40341,,VNQ
84,102.77,103.015,102.28,102.47,1635531.0,102.5758,2024-01-12 05:00:00+00:00,15098,,VT
85,73.21,73.27,72.85,72.94,5724843.0,73.045,2024-01-16 05:00:00+00:00,36691,,BND
86,475.26,476.6098,473.06,474.93,85014870.0,474.917,2024-01-16 05:00:00+00:00,592232,,SPY
87,48.46,48.48,48.45,48.46,270365.0,48.4656,2024-01-16 05:00:00+00:00,1236,,VNLA
88,86.58,86.97,86.15,86.43,5125925.0,86.5339,2024-01-16 05:00:00+00:00,57243,,VNQ
89,101.79,101.95,101.18,101.48,2729636.0,101.5123,2024-01-16 05:00:00+00:00,25910,,VT
90,72.76,72.84,72.63,72.77,12370367.0,72.7608,2024-01-17 05:00:00+00:00,44877,,BND
91,471.82,472.79,469.87,472.29,68843871.0,471.7731,2024-01-17 05:00:00+00:00,520417,,SPY
92,48.47,48.47,48.415,48.45,440959.0,48.4328,2024-01-17 05:00:00+00:00,2266,,VNLA
93,85.25,86.325,83.985,84.85,4898958.0,84.8925,2024-01-17 05:00:00+00:00,55786,,VNQ
94,100.5,100.69,100.14,100.68,1998328.0,100.4671,2024-01-17 05:00:00+00:00,21639,,VT
95,72.8,72.825,72.59,72.67,6086379.0,72.6962,2024-01-18 05:00:00+00:00,28761,,BND
96,474.01,477.06,472.42,476.49,91856248.0,474.7458,2024-01-18 05:00:00+00:00,558707,,SPY
97,48.44,48.485,48.44,48.48,163807.0,48.4655,2024-01-18 05:00:00+00:00,670,,VNLA
98,84.98,85.3,83.775,84.39,4537781.0,84.2873,2024-01-18 05:00:00+00:00,48055,,VNQ
99,101.07,101.61,100.77,101.54,2753818.0,101.2136,2024-01-18 05:00:00+00:00,19921,,VT
100,72.58,72.68,72.43,72.67,7883236.0,72.5967,2024-01-19 05:00:00+00:00,31287,,BND
101,477.65,482.72,476.5374,482.43,110834483.0,479.9667,2024-01-19 05:00:00+00:00,608468,,SPY
102,48.46,48.47,48.44,48.44,334394.0,48.4594,2024-01-19 05:00:00+00:00,734,,VNLA
103,84.59,85.68,83.95,85.4,6188938.0,84.9295,2024-01-19 05:00:00+00:00,61965,,VNQ
104,101.67,102.52,101.38,102.46,2425520.0,101.9509,2024-01-19 05:00:00+00:00,20383,,VT
105,72.89,72.94,72.76,72.79,10321486.0,72.8171,2024-01-22 05:00:00+00:00,28482,,BND
106,484.01,485.22,482.78,483.45,75844931.0,483.6785,2024-01-22 05:00:00+00:00,548090,,SPY
107,48.47,48.4909,48.46,48.46,234628.0,48.4746,2024-01-22 05:00:00+00:00,734,,VNLA
108,85.7,86.74,85.52,85.91,4202985.0,86.0129,2024-01-22 05:00:00+00:00,46490,,VNQ
109,102.59,103.0002,102.525,102.7,1953793.0,102.7387,2024-01-22 05:00:00+00:00,16724,,VT
110,72.68,72.68,72.55,72.62,6840502.0,72.6097,2024-01-23 05:00:00+00:00,24976,,BND
111,484.01,485.105,482.89,484.86,49945297.0,484.0549,2024-01-23 05:00:00+00:00,388977,,SPY
112,48.45,48.48,48.45,48.47,184382.0,48.4652,2024-01-23 05:00:00+00:00,643,,VNLA
113,86.24,86.53,85.03,85.32,4821801.0,85.4393,2024-01-23 05:00:00+00:00,39790,,VNQ
114,102.69,102.91,102.431,102.86,1194691.0,102.6826,2024-01-23 05:00:00+00:00,12150,,VT
115,72.93,72.93,72.45,72.47,7483860.0,72.5696,2024-01-24 05:00:00+00:00,27701,,BND
116,487.81,488.77,484.8819,485.39,81765039.0,486.6437,2024-01-24 05:00:00+00:00,621290,,SPY
117,48.53,48.53,48.4699,48.475,280075.0,48.4898,2024-01-24 05:00:00+00:00,1064,,VNLA
118,86.19,86.27,84.035,84.1,3265602.0,84.7573,2024-01-24 05:00:00+00:00,39280,,VNQ
119,103.75,103.845,103.11,103.13,1686971.0,103.5644,2024-01-24 05:00:00+00:00,15453,,VT
120,72.75,72.82,72.66,72.805,8361104.0,72.7625,2024-01-25 05:00:00+00:00,27193,,BND
121,487.575,488.305,485.39,488.03,72524989.0,486.9427,2024-01-25 05:00:00+00:00,546403,,SPY
122,48.44,48.53,48.44,48.53,196293.0,48.514,2024-01-25 05:00:00+00:00,544,,VNLA
123,85.11,85.615,84.76,85.18,4394359.0,85.1273,2024-01-25 05:00:00+00:00,41374,,VNQ
124,103.57,103.63,103.13,103.58,1418437.0,103.4076,2024-01-25 05:00:00+00:00,11893,,VT
125,72.82,72.82,72.65,72.7,9120566.0,72.7118,2024-01-26 05:00:00+00:00,26320,,BND
126,487.59,489.12,486.54,487.41,76641609.0,487.6898,2024-01-26 05:00:00+00:00,480277,,SPY
127,48.51,48.54,48.51,48.54,185467.0,48.5253,2024-01-26 05:00:00+00:00,609,,VNLA
128,85.35,85.59,84.75,84.94,2783226.0,85.0126,2024-01-26 05:00:00+00:00,37253,,VNQ
129,103.66,103.96,103.51,103.65,1327454.0,103.7344,2024-01-26 05:00:00+00:00,12676,,VT
130,72.9,73.0557,72.81,72.99,7677565.0,72.9224,2024-01-29 05:00:00+00:00,26812,,BND
131,487.73,491.415,487.17,491.27,61322751.0,489.2436,2024-01-29 05:00:00+00:00,447982,,SPY
132,48.54,48.57,48.54,48.56,202424.0,48.5502,2024-01-29 05:00:00+00:00,735,,VNLA
133,84.92,85.67,84.69,85.5,3592010.0,85.082,2024-01-29 05:00:00+00:00,37918,,VNQ
134,103.66,104.4,103.545,104.39,2771625.0,103.8353,2024-01-29 05:00:00+00:00,22682,,VT
135,73.16,73.18,72.87,73.12,6688144.0,73.0202,2024-01-30 05:00:00+00:00,28495,,BND
136,490.56,491.62,490.11,490.89,58618386.0,490.8653,2024-01-30 05:00:00+00:00,447676,,SPY
137,48.54,48.62,48.53,48.54,208659.0,48.5442,2024-01-30 05:00:00+00:00,744,,VNLA
138,85.13,85.43,84.54,84.7,4580926.0,85.0006,2024-01-30 05:00:00+00:00,43195,,VNQ
139,104.12,104.29,103.945,104.15,2215155.0,104.1387,2024-01-30 05:00:00+00:00,19451,,VT
140,73.395,73.5899,73.275,73.43,9916559.0,73.4249,2024-01-31 05:00:00+00:00,34763,,BND
141,488.62,489.0813,482.86,482.88,126011062.0,485.8938,2024-01-31 05:00:00+00:00,780578,,SPY
142,48.57,48.6,48.56,48.59,211784.0,48.5843,2024-01-31 05:00:00+00:00,614,,VNLA
143,84.98,85.63,83.73,83.89,8892858.0,84.8328,2024-01-31 05:00:00+00:00,72094,,VNQ
144,103.97,104.17,102.835,102.88,3121061.0,103.5419,2024-01-31 05:00:00+00:00,26436,,VT
145,73.51,73.8256,73.4,73.66,12060804.0,73.6393,2024-02-01 05:00:00+00:00,42527,,BND
146,484.63,489.23,483.8,489.2,91891637.0,486.5792,2024-02-01 05:00:00+00:00,650358,,SPY
147,48.47,48.47,48.4,48.43,1570265.0,48.4185,2024-02-01 05:00:00+00:00,2570,,VNLA
148,83.802,85.435,83.34,85.41,8950704.0,84.4042,2024-02-01 05:00:00+00:00,72246,,VNQ
149,103.26,104.1001,103.03,104.08,6569322.0,103.5234,2024-02-01 05:00:00+00:00,26285,,VT
150,73.03,73.14,72.87,73.0,7820245.0,72.9656,2024-02-02 05:00:00+00:00,37923,,BND
151,489.65,496.05,489.3,494.35,99228192.0,493.0074,2024-02-02 05:00:00+00:00,677113,,SPY
152,48.39,48.4,48.36,48.37,346016.0,48.3785,2024-02-02 05:00:00+00:00,1402,,VNLA
153,84.18,84.88,82.94,84.35,7935933.0,84.0049,2024-02-02 05:00:00+00:00,68556,,VNQ
154,103.87,104.68,103.68,104.47,1901401.0,104.1894,2024-02-02 05:00:00+00:00,19840,,VT
155,72.58,72.61,72.35,72.42,7577325.0,72.45,2024-02-05 05:00:00+00:00,34690,,BND
156,493.695,494.3778,490.23,492.55,75757102.0,492.9608,2024-02-05 05:00:00+00:00,537117,,SPY
157,48.38,48.38,48.33,48.33,221613.0,48.3461,2024-02-05 05:00:00+00:00,908,,VNLA
158,83.3,83.3,82.325,82.58,6269376.0,82.799,2024-02-05 05:00:00+00:00,62912,,VNQ
159,104.11,104.235,103.44,103.97,2035136.0,103.9533,2024-02-05 05:00:00+00:00,18417,,VT
160,72.53,72.83,72.5,72.76,8310532.0,72.7152,2024-02-06 05:00:00+00:00,29538,,BND
161,493.52,494.32,492.05,493.98,55918602.0,493.0319,2024-02-06 05:00:00+00:00,456773,,SPY
162,48.35,48.38,48.34,48.365,372566.0,48.3601,2024-02-06 05:00:00+00:00,1152,,VNLA
163,82.71,83.85,82.41,83.69,5482350.0,83.6025,2024-02-06 05:00:00+00:00,53929,,VNQ
164,104.24,104.57,104.11,104.55,2627161.0,104.3119,2024-02-06 05:00:00+00:00,22479,,VT
165,72.65,72.865,72.61,72.62,9257521.0,72.6857,2024-02-07 05:00:00+00:00,35950,,BND
166,496.29,498.53,495.36,498.1,70556506.0,497.1977,2024-02-07 05:00:00+00:00,501857,,SPY
167,48.38,48.39,48.36,48.36,227484.0,48.3733,2024-02-07 05:00:00+00:00,783,,VNLA
168,83.99,84.07,83.1,83.57,5074181.0,83.6801,2024-02-07 05:00:00+00:00,50086,,VNQ
169,104.85,105.21,104.7099,105.08,1599486.0,105.0447,2024-02-07 05:00:00+00:00,15151,,VT
170,72.5,72.555,72.39,72.425,7987610.0,72.448,2024-02-08 05:00:00+00:00,27488,,BND
171,498.1,498.71,497.26,498.32,52343636.0,498.0637,2024-02-08 05:00:00+00:00,406775,,SPY
172,48.36,48.38,48.35,48.35,360121.0,48.3598,2024-02-08 05:00:00+00:00,1155,,VNLA
173,83.33,84.49,83.33,84.25,3697224.0,84.085,2024-02-08 05:00:00+00:00,41547,,VNQ
174,105.04,105.16,104.84,105.12,882746.0,105.0231,2024-02-08 05:00:00+00:00,11057,,VT
175,72.33,72.395,72.29,72.37,5940776.0,72.3424,2024-02-09 05:00:00+00:00,28659,,BND
176,498.84,501.65,498.49,501.2,63979375.0,500.3204,2024-02-09 05:00:00+00:00,467171,,SPY
177,48.35,48.36,48.33,48.34,689824.0,48.3424,2024-02-09 05:00:00+00:00,2118,,VNLA
178,84.2,84.52,83.425,84.38,3478053.0,84.0219,2024-02-09 05:00:00+00:00,41779,,VNQ
179,105.25,105.77,105.18,105.7,1119325.0,105.4496,2024-02-09 05:00:00+00:00,12355,,VT
180,72.45,72.4857,72.31,72.39,6062952.0,72.3941,2024-02-12 05:00:00+00:00,25939,,BND
181,501.17,503.5,500.24,500.98,56502283.0,501.5388,2024-02-12 05:00:00+00:00,437189,,SPY
182,48.36,48.36,48.34,48.34,708744.0,48.3436,2024-02-12 05:00:00+00:00,1122,,VNLA
183,84.54,85.01,84.2241,84.4,3949245.0,84.557,2024-02-12 05:00:00+00:00,49858,,VNQ
184,105.7,106.325,105.7,105.84,1407900.0,105.9631,2024-02-12 05:00:00+00:00,15141,,VT
185,71.98,71.9999,71.74,71.76,12938802.0,71.8671,2024-02-13 05:00:00+00:00,37631,,BND
186,494.53,497.09,490.715,494.08,113099199.0,494.284,2024-02-13 05:00:00+00:00,779480,,SPY
187,48.32,48.33,48.29,48.29,181497.0,48.308,2024-02-13 05:00:00+00:00,670,,VNLA
188,82.58,82.68,81.54,82.66,6203679.0,82.1059,2024-02-13 05:00:00+00:00,74256,,VNQ
189,104.56,104.63,103.6,104.17,2514845.0,104.3047,2024-02-13 05:00:00+00:00,18781,,VT
190,71.83,72.09,71.81,72.03,6915877.0,71.9865,2024-02-14 05:00:00+00:00,28785,,BND
191,496.79,499.07,494.4,498.57,68387827.0,496.7195,2024-02-14 05:00:00+00:00,536843,,SPY
192,48.33,48.34,48.31,48.31,334241.0,48.3275,2024-02-14 05:00:00+00:00,975,,VNLA
193,83.02,83.775,82.6243,83.31,5264512.0,83.2128,2024-02-14 05:00:00+00:00,54121,,VNQ
194,104.85,105.3833,104.5499,105.33,1541105.0,104.9867,2024-02-14 05:00:00+00:00,15975,,VT
195,72.31,72.34,72.11,72.23,6733928.0,72.2246,2024-02-15 05:00:00+00:00,27118,,BND
196,499.29,502.2,498.795,502.01,61682960.0,500.7639,2024-02-15 05:00:00+00:00,516093,,SPY
197,48.33,48.38,48.33,48.36,355826.0,48.3654,2024-02-15 05:00:00+00:00,942,,VNLA
198,84.07,85.338,84.02,85.25,5164804.0,84.9747,2024-02-15 05:00:00+00:00,52047,,VNQ
199,105.59,106.265,105.59,106.23,1470490.0,105.9944,2024-02-15 05:00:00+00:00,13519,,VT
200,71.91,72.01,71.855,72.0,5029334.0,71.9652,2024-02-16 05:00:00+00:00,25940,,BND
201,501.7,502.87,498.75,499.51,75532928.0,500.9231,2024-02-16 05:00:00+00:00,532752,,SPY
202,48.34,48.3583,48.34,48.34,108851.0,48.3449,2024-02-16 05:00:00+00:00,520,,VNLA
203,84.25,84.855,83.65,84.37,4781062.0,84.5019,2024-02-16 05:00:00+00:00,51922,,VNQ
204,106.29,106.59,105.79,105.98,1279610.0,106.1754,2024-02-16 05:00:00+00:00,14337,,VT
205,72.12,72.207,72.0501,72.09,7605013.0,72.1188,2024-02-20 05:00:00+00:00,24549,,BND
206,497.72,498.41,494.45,496.76,71736740.0,496.4411,2024-02-20 05:00:00+00:00,595486,,SPY
207,48.34,48.4,48.34,48.4,257391.0,48.376,2024-02-20 05:00:00+00:00,1214,,VNLA
208,83.88,84.555,83.48,84.22,4739937.0,84.1199,2024-02-20 05:00:00+00:00,51403,,VNQ
209,105.98,106.07,105.3,105.69,1831902.0,105.6384,2024-02-20 05:00:00+00:00,21579,,VT
210,72.17,72.17,71.86,71.89,6625641.0,71.9639,2024-02-21 05:00:00+00:00,24115,,BND
211,495.42,497.37,493.56,497.21,59603771.0,495.8312,2024-02-21 05:00:00+00:00,499405,,SPY
212,48.39,48.4181,48.37,48.38,179017.0,48.3867,2024-02-21 05:00:00+00:00,622,,VNLA
213,84.4,84.805,84.07,84.69,4053059.0,84.5425,2024-02-21 05:00:00+00:00,42377,,VNQ
214,105.43,105.735,105.095,105.72,1121375.0,105.4152,2024-02-21 05:00:00+00:00,13126,,VT
215,71.93,72.02,71.84,71.92,11884272.0,71.9102,2024-02-22 05:00:00+00:00,34142,,BND
216,504.01,508.49,503.02,507.5,76402535.0,505.832,2024-02-22 05:00:00+00:00,613961,,SPY
217,48.41,48.41,48.37,48.37,174878.0,48.3803,2024-02-22 05:00:00+00:00,635,,VNLA
218,84.96,85.275,84.67,84.85,5000632.0,84.898,2024-02-22 05:00:00+00:00,43040,,VNQ
219,106.92,107.59,106.79,107.44,1267027.0,107.2107,2024-02-22 05:00:00+00:00,13571,,VT
220,71.93,72.25,71.93,72.18,6147185.0,72.1512,2024-02-23 05:00:00+00:00,22565,,BND
221,509.27,510.13,507.1,507.85,61321818.0,508.4383,2024-02-23 05:00:00+00:00,489694,,SPY
222,48.38,48.39,48.37,48.38,120266.0,48.3816,2024-02-23 05:00:00+00:00,470,,VNLA
223,84.9,85.3,84.6,84.81,4695576.0,84.9813,2024-02-23 05:00:00+00:00,50462,,VNQ
224,107.68,107.785,107.2999,107.52,1053750.0,107.6127,2024-02-23 05:00:00+00:00,13340,,VT
225,72.2,72.2,71.93,72.05,5255762.0,72.0449,2024-02-26 05:00:00+00:00,28929,,BND
226,508.3,508.75,505.86,505.99,50386738.0,507.0794,2024-02-26 05:00:00+00:00,434429,,SPY
227,48.38,48.4075,48.37,48.37,232021.0,48.3828,2024-02-26 05:00:00+00:00,863,,VNLA
228,84.59,85.04,83.72,83.88,5943372.0,84.061,2024-02-26 05:00:00+00:00,48633,,VNQ
229,107.53,107.595,107.14,107.24,1056964.0,107.3873,2024-02-26 05:00:00+00:00,14539,,VT
230,72.02,72.1099,71.9142,71.94,5534263.0,72.0212,2024-02-27 05:00:00+00:00,22447,,BND
231,506.7,507.16,504.75,506.93,48854528.0,506.2314,2024-02-27 05:00:00+00:00,400260,,SPY
232,48.38,48.38,48.37,48.375,256261.0,48.3772,2024-02-27 05:00:00+00:00,615,,VNLA
233,84.34,84.72,83.8,83.98,3857852.0,84.0703,2024-02-27 05:00:00+00:00,43441,,VNQ
234,107.37,107.495,107.16,107.47,1109720.0,107.3478,2024-02-27 05:00:00+00:00,12074,,VT
235,72.0,72.1299,71.962,72.1,5255305.0,72.0509,2024-02-28 05:00:00+00:00,20949,,BND
236,505.33,506.855,504.96,506.26,56506634.0,506.0354,2024-02-28 05:00:00+00:00,420488,,SPY
237,48.4,48.4,48.39,48.39,178698.0,48.3954,2024-02-28 05:00:00+00:00,555,,VNLA
238,83.55,85.35,83.46,84.83,5170751.0,84.6909,2024-02-28 05:00:00+00:00,46342,,VNQ
239,107.01,107.2098,106.89,107.06,1042750.0,107.0415,2024-02-28 05:00:00+00:00,11469,,VT
240,72.2,72.355,72.17,72.22,6002886.0,72.2565,2024-02-29 05:00:00+00:00,25897,,BND
241,508.07,509.74,505.35,508.08,83924795.0,507.941,2024-02-29 05:00:00+00:00,547845,,SPY
242,48.39,48.4588,48.39,48.43,281121.0,48.436,2024-02-29 05:00:00+00:00,1306,,VNLA
243,85.51,86.0,85.16,85.55,6595443.0,85.664,2024-02-29 05:00:00+00:00,57654,,VNQ
244,107.56,107.67,106.915,107.5,1678953.0,107.3827,2024-02-29 05:00:00+00:00,15436,,VT
245,71.94,72.37,71.81,72.32,6366776.0,72.1985,2024-03-01 05:00:00+00:00,28852,,BND
246,508.98,513.29,508.56,512.85,76844844.0,511.2433,2024-03-01 05:00:00+00:00,544943,,SPY
247,48.23,48.28,48.23,48.28,300857.0,48.2594,2024-03-01 05:00:00+00:00,1275,,VNLA
248,85.42,86.57,84.53,86.57,6560902.0,85.9953,2024-03-01 05:00:00+00:00,54737,,VNQ
249,107.78,108.55,107.5212,108.46,3584607.0,108.1786,2024-03-01 05:00:00+00:00,26591,,VT
250,72.13,72.23,72.1,72.15,26404705.0,72.1515,2024-03-04 05:00:00+00:00,31680,,BND
251,512.03,514.2,512.0,512.3,49799257.0,512.7191,2024-03-04 05:00:00+00:00,466601,,SPY
252,48.3,48.3,48.26,48.26,624465.0,48.2674,2024-03-04 05:00:00+00:00,1955,,VNLA
253,86.33,87.43,85.72,87.38,5319021.0,86.8833,2024-03-04 05:00:00+00:00,51036,,VNQ
254,108.32,108.62,108.2299,108.29,1721880.0,108.4002,2024-03-04 05:00:00+00:00,19698,,VT
255,72.45,72.62,72.39,72.54,6208592.0,72.4987,2024-03-05 05:00:00+00:00,26896,,BND
256,510.24,510.7,504.91,507.18,72855623.0,507.9574,2024-03-05 05:00:00+00:00,593892,,SPY
257,48.28,48.32,48.275,48.31,216369.0,48.2991,2024-03-05 05:00:00+00:00,894,,VNLA
258,86.91,87.54,85.92,86.32,4722582.0,86.626,2024-03-05 05:00:00+00:00,47960,,VNQ
259,108.01,108.185,107.075,107.46,1369663.0,107.6524,2024-03-05 05:00:00+00:00,17939,,VT
260,72.62,72.81,72.6099,72.67,28955518.0,72.7328,2024-03-06 05:00:00+00:00,36591,,BND
261,510.55,512.069,508.42,509.75,68382367.0,509.9141,2024-03-06 05:00:00+00:00,603738,,SPY
262,48.31,48.34,48.31,48.32,196898.0,48.318,2024-03-06 05:00:00+00:00,735,,VNLA
263,86.88,87.08,86.24,86.75,4999585.0,86.632,2024-03-06 05:00:00+00:00,49510,,VNQ
264,108.46,108.755,108.0699,108.32,2003411.0,108.3886,2024-03-06 05:00:00+00:00,19237,,VT
265,72.84,72.845,72.66,72.79,7495571.0,72.7356,2024-03-07 05:00:00+00:00,28127,,BND
266,513.14,515.89,509.8053,514.81,58652085.0,514.2579,2024-03-07 05:00:00+00:00,526279,,SPY
267,48.34,48.35,48.314,48.34,230152.0,48.3395,2024-03-07 05:00:00+00:00,594,,VNLA
268,87.21,87.4197,86.3044,86.73,3164131.0,86.705,2024-03-07 05:00:00+00:00,33900,,VNQ
269,109.0,109.5669,108.84,109.43,1322060.0,109.2682,2024-03-07 05:00:00+00:00,14617,,VT
270,72.91,72.9659,72.81,72.86,7187711.0,72.8701,2024-03-08 05:00:00+00:00,27844,,BND
271,515.46,518.2201,511.13,511.72,86532535.0,514.0293,2024-03-08 05:00:00+00:00,737848,,SPY
272,48.34,48.38,48.34,48.35,184643.0,48.3742,2024-03-08 05:00:00+00:00,1044,,VNLA
273,87.5,88.03,87.3,87.73,4546636.0,87.7119,2024-03-08 05:00:00+00:00,52389,,VNQ
274,109.59,110.02,108.74,108.91,1541073.0,109.39,2024-03-08 05:00:00+00:00,19794,,VT
275,72.9,72.91,72.76,72.83,5626155.0,72.839,2024-03-11 04:00:00+00:00,31216,,BND
276,510.48,511.88,508.5,511.28,62557183.0,510.6619,2024-03-11 04:00:00+00:00,573251,,SPY
277,48.38,48.41,48.38,48.395,177540.0,48.4011,2024-03-11 04:00:00+00:00,647,,VNLA
278,87.54,88.07,86.94,87.31,3467248.0,87.3214,2024-03-11 04:00:00+00:00,40640,,VNQ
279,108.58,108.78,108.17,108.66,1825242.0,108.5471,2024-03-11 04:00:00+00:00,18512,,VT
280,72.71,72.7154,72.545,72.615,4699395.0,72.6293,2024-03-12 04:00:00+00:00,24755,,BND
281,513.45,517.38,510.86,516.78,73114439.0,515.0688,2024-03-12 04:00:00+00:00,602906,,SPY
282,48.37,48.38,48.34,48.34,189005.0,48.3567,2024-03-12 04:00:00+00:00,665,,VNLA
283,87.15,87.48,86.37,87.12,3308976.0,87.0076,2024-03-12 04:00:00+00:00,35946,,VNQ
284,109.1,109.775,108.595,109.71,1568320.0,109.3832,2024-03-12 04:00:00+00:00,17705,,VT
285,72.54,72.62,72.475,72.49,6123220.0,72.527,2024-03-13 04:00:00+00:00,23882,,BND
286,517.11,517.29,514.49,515.97,55104088.0,516.3159,2024-03-13 04:00:00+00:00,471659,,SPY
287,48.34,48.36,48.335,48.34,239338.0,48.3481,2024-03-13 04:00:00+00:00,899,,VNLA
288,86.97,87.51,86.4,86.68,3418657.0,86.9892,2024-03-13 04:00:00+00:00,37807,,VNQ
289,109.67,109.78,109.27,109.53,1537692.0,109.6284,2024-03-13 04:00:00+00:00,14068,,VT
290,72.3,72.3,72.05,72.06,5214062.0,72.1181,2024-03-14 04:00:00+00:00,27281,,BND
291,516.97,517.125,511.82,514.95,110171820.0,514.5296,2024-03-14 04:00:00+00:00,729546,,SPY
292,48.34,48.36,48.33,48.35,150703.0,48.3399,2024-03-14 04:00:00+00:00,638,,VNLA
293,86.32,86.4912,84.645,85.38,4155120.0,85.1529,2024-03-14 04:00:00+00:00,47616,,VNQ
294,109.67,109.67,108.48,109.04,2614869.0,108.9584,2024-03-14 04:00:00+00:00,27619,,VT
295,72.03,72.105,71.97,72.02,4784121.0,72.0502,2024-03-15 04:00:00+00:00,23753,,BND
296,510.21,511.7,508.122,509.83,107646297.0,509.9877,2024-03-15 04:00:00+00:00,694373,,SPY
297,48.34,48.35,48.32,48.34,214386.0,48.3426,2024-03-15 04:00:00+00:00,1051,,VNLA
298,84.56,85.52,84.54,85.19,4214317.0,85.1021,2024-03-15 04:00:00+00:00,48661,,VNQ
299,108.3,108.52,107.89,108.14,1822481.0,108.1952,2024-03-15 04:00:00+00:00,19346,,VT
300,72.01,72.04,71.9,71.93,5284212.0,71.9632,2024-03-18 04:00:00+00:00,26157,,BND
301,514.0,515.48,512.44,512.86,88893331.0,513.3077,2024-03-18 04:00:00+00:00,568827,,SPY
302,48.34,48.36,48.34,48.355,200771.0,48.3544,2024-03-18 04:00:00+00:00,558,,VNLA
303,85.38,85.68,85.07,85.23,3030832.0,85.3342,2024-03-18 04:00:00+00:00,36955,,VNQ
304,108.84,108.935,108.48,108.54,1242388.0,108.7429,2024-03-18 04:00:00+00:00,15349,,VT
305,72.05,72.19,72.0219,72.12,4560060.0,72.1091,2024-03-19 04:00:00+00:00,22393,,BND
306,512.15,515.995,511.12,515.71,60755263.0,513.9894,2024-03-19 04:00:00+00:00,489558,,SPY
307,48.38,48.4,48.36,48.39,340152.0,48.3877,2024-03-19 04:00:00+00:00,667,,VNLA
308,85.15,85.52,84.69,85.2,4165654.0,85.1454,2024-03-19 04:00:00+00:00,36055,,VNQ
309,108.37,108.955,108.15,108.92,1720343.0,108.6631,2024-03-19 04:00:00+00:00,17115,,VT
310,72.17,72.39,72.034,72.25,5287243.0,72.2058,2024-03-20 04:00:00+00:00,23092,,BND
311,515.77,520.62,515.08,520.48,69594574.0,517.9114,2024-03-20 04:00:00+00:00,566876,,SPY
312,48.44,48.44,48.37,48.39,214366.0,48.3934,2024-03-20 04:00:00+00:00,659,,VNLA
313,84.67,86.02,84.32,85.76,4605895.0,85.3635,2024-03-20 04:00:00+00:00,45720,,VNQ
314,108.98,110.06,108.82,110.0,2196399.0,109.3414,2024-03-20 04:00:00+00:00,23560,,VT
315,72.4,72.44,72.24,72.31,5492889.0,72.3127,2024-03-21 04:00:00+00:00,25108,,BND
316,523.39,524.11,521.91,522.2,60256112.0,522.8197,2024-03-21 04:00:00+00:00,506364,,SPY
317,48.4,48.44,48.4,48.44,261302.0,48.4214,2024-03-21 04:00:00+00:00,799,,VNLA
318,86.13,86.75,85.86,86.38,3753231.0,86.3373,2024-03-21 04:00:00+00:00,39882,,VNQ
319,110.47,110.6751,110.295,110.33,2301924.0,110.5144,2024-03-21 04:00:00+00:00,24380,,VT
320,72.61,72.62,72.49,72.55,4169478.0,72.549,2024-03-22 04:00:00+00:00,20011,,BND
321,522.11,522.605,520.97,521.21,79070842.0,521.7682,2024-03-22 04:00:00+00:00,467269,,SPY
322,48.45,48.5,48.45,48.4996,209380.0,48.486,2024-03-22 04:00:00+00:00,696,,VNLA
323,85.69,85.88,84.505,84.57,3923435.0,84.8172,2024-03-22 04:00:00+00:00,37437,,VNQ
324,110.25,110.265,109.905,109.99,1649379.0,110.0488,2024-03-22 04:00:00+00:00,17406,,VT
325,72.5,72.5,72.36,72.41,7950495.0,72.4308,2024-03-25 04:00:00+00:00,25133,,BND
326,519.8,520.95,519.61,519.77,48512108.0,520.3191,2024-03-25 04:00:00+00:00,413060,,SPY
327,48.48,48.48,48.45,48.45,548122.0,48.4536,2024-03-25 04:00:00+00:00,984,,VNLA
328,84.65,84.96,84.05,84.05,5262467.0,84.3156,2024-03-25 04:00:00+00:00,41914,,VNQ
329,109.68,109.99,109.67,109.77,2037067.0,109.8187,2024-03-25 04:00:00+00:00,18214,,VT
330,72.44,72.49,72.32,72.47,7603214.0,72.4204,2024-03-26 04:00:00+00:00,29338,,BND
331,521.23,521.58,518.4,518.81,65463744.0,519.9065,2024-03-26 04:00:00+00:00,427328,,SPY
332,48.47,48.47,48.44,48.46,206630.0,48.4568,2024-03-26 04:00:00+00:00,813,,VNLA
333,84.27,84.37,83.685,83.71,4922950.0,83.9665,2024-03-26 04:00:00+00:00,40209,,VNQ
334,110.12,110.155,109.61,109.64,1369685.0,109.9217,2024-03-26 04:00:00+00:00,15572,,VT
335,72.57,72.745,72.52,72.72,7825225.0,72.6333,2024-03-27 04:00:00+00:00,22442,,BND
336,521.71,523.21,519.485,523.17,82999777.0,521.0339,2024-03-27 04:00:00+00:00,518970,,SPY
337,48.47,48.5,48.47,48.49,501257.0,48.492,2024-03-27 04:00:00+00:00,734,,VNLA
338,84.67,85.9,84.47,85.87,5191426.0,85.4041,2024-03-27 04:00:00+00:00,44286,,VNQ
339,110.15,110.475,109.82,110.46,1884721.0,110.0909,2024-03-27 04:00:00+00:00,18038,,VT
340,72.64,72.75,72.57,72.63,5326433.0,72.671,2024-03-28 04:00:00+00:00,24248,,BND
341,523.21,524.61,522.78,523.07,96294886.0,523.428,2024-03-28 04:00:00+00:00,495562,,SPY
342,48.5,48.51,48.47,48.5,559021.0,48.4826,2024-03-28 04:00:00+00:00,1741,,VNLA
343,86.03,86.77,86.03,86.48,4626907.0,86.4479,2024-03-28 04:00:00+00:00,41967,,VNQ
344,110.48,110.695,110.43,110.5,1294810.0,110.547,2024-03-28 04:00:00+00:00,14817,,VT
345,72.15,72.19,71.86,71.92,6157451.0,71.9641,2024-04-01 04:00:00+00:00,43312,,BND
346,523.83,524.38,520.97,522.16,62477540.0,522.5635,2024-04-01 04:00:00+00:00,449575,,SPY
347,48.31,48.33,48.3,48.3,314604.0,48.3175,2024-04-01 04:00:00+00:00,1361,,VNLA
348,86.738,86.738,84.865,85.03,5331337.0,85.2784,2024-04-01 04:00:00+00:00,52648,,VNQ
349,110.64,110.725,109.99,110.21,3399068.0,110.2189,2024-04-01 04:00:00+00:00,28658,,VT
350,71.68,71.85,71.585,71.84,9043236.0,71.7015,2024-04-02 04:00:00+00:00,29233,,BND
351,518.24,518.98,516.48,518.84,74230308.0,518.5339,2024-04-02 04:00:00+00:00,570884,,SPY
352,48.285,48.31,48.26,48.31,420545.0,48.2828,2024-04-02 04:00:00+00:00,1521,,VNLA
353,84.37,84.44,83.625,83.96,5116086.0,83.9149,2024-04-02 04:00:00+00:00,45840,,VNQ
354,109.54,109.59,109.205,109.57,1930079.0,109.3704,2024-04-02 04:00:00+00:00,19943,,VT
355,71.65,71.9,71.555,71.89,5419159.0,71.7642,2024-04-03 04:00:00+00:00,27154,,BND
356,517.72,520.95,517.665,519.41,59155759.0,519.6382,2024-04-03 04:00:00+00:00,486600,,SPY
357,48.34,48.34,48.2693,48.29,1494069.0,48.3085,2024-04-03 04:00:00+00:00,2578,,VNLA
358,83.76,84.15,83.41,84.05,3632734.0,83.9287,2024-04-03 04:00:00+00:00,41612,,VNQ
359,109.33,110.09,109.32,109.85,1207645.0,109.8025,2024-04-03 04:00:00+00:00,14765,,VT
360,72.06,72.06,71.87,72.04,12413018.0,71.9871,2024-04-04 04:00:00+00:00,25762,,BND
361,523.52,523.8674,512.755,513.07,96858074.0,517.8752,2024-04-04 04:00:00+00:00,772269,,SPY
362,48.29,48.38,48.28,48.38,621129.0,48.3479,2024-04-04 04:00:00+00:00,1315,,VNLA
363,84.74,85.14,83.215,83.51,5953640.0,83.9792,2024-04-04 04:00:00+00:00,55856,,VNQ
364,110.64,110.7399,108.6696,108.72,3486084.0,109.9291,2024-04-04 04:00:00+00:00,28591,,VT
365,71.765,71.93,71.68,71.68,11531829.0,71.807,2024-04-05 04:00:00+00:00,33382,,BND
366,514.46,520.44,514.01,518.43,74546483.0,517.6386,2024-04-05 04:00:00+00:00,669740,,SPY
367,48.4,48.41,48.32,48.32,667943.0,48.3492,2024-04-05 04:00:00+00:00,1608,,VNLA
368,83.22,84.14,83.01,83.94,4789051.0,83.7246,2024-04-05 04:00:00+00:00,44294,,VNQ
369,108.91,109.94,108.78,109.61,1544170.0,109.3165,2024-04-05 04:00:00+00:00,19029,,VT
370,71.615,71.7,71.57,71.62,13873132.0,71.6452,2024-04-08 04:00:00+00:00,33250,,BND
371,519.15,520.18,517.89,518.72,48401752.0,518.8994,2024-04-08 04:00:00+00:00,443840,,SPY
372,48.3,48.35,48.2702,48.33,420211.0,48.3226,2024-04-08 04:00:00+00:00,1406,,VNLA
373,84.21,84.915,84.12,84.84,3866936.0,84.6527,2024-04-08 04:00:00+00:00,41368,,VNQ
374,109.95,110.09,109.7301,109.85,1005782.0,109.9339,2024-04-08 04:00:00+00:00,14562,,VT
375,71.82,71.93,71.81,71.88,8886343.0,71.8718,2024-04-09 04:00:00+00:00,27263,,BND
376,520.5,520.75,514.35,519.32,68124385.0,517.7023,2024-04-09 04:00:00+00:00,532493,,SPY
377,48.32,48.39,48.32,48.388,220138.0,48.3724,2024-04-09 04:00:00+00:00,932,,VNLA
378,85.15,85.97,84.97,85.97,4075754.0,85.4986,2024-04-09 04:00:00+00:00,49635,,VNQ
379,110.29,110.39,109.22,110.02,1802902.0,109.8364,2024-04-09 04:00:00+00:00,18727,,VT
380,71.38,71.395,71.01,71.04,8196476.0,71.1746,2024-04-10 04:00:00+00:00,38695,,BND
381,513.48,516.16,512.09,514.12,82652806.0,514.1656,2024-04-10 04:00:00+00:00,753675,,SPY
382,48.38,48.4,48.3,48.3,630322.0,48.3325,2024-04-10 04:00:00+00:00,2072,,VNLA
383,83.45,83.71,81.93,82.41,8332871.0,82.5139,2024-04-10 04:00:00+00:00,87433,,VNQ
384,108.77,109.18,108.329,108.76,1517205.0,108.6875,2024-04-10 04:00:00+00:00,21241,,VT
385,71.19,71.2324,70.91,71.04,16574145.0,71.0227,2024-04-11 04:00:00+00:00,33944,,BND
386,515.68,519.48,512.08,518.0,70099007.0,516.4376,2024-04-11 04:00:00+00:00,582634,,SPY
387,48.28,48.33,48.255,48.31,621240.0,48.3149,2024-04-11 04:00:00+00:00,1968,,VNLA
388,82.99,83.16,81.86,82.69,7145948.0,82.6043,2024-04-11 04:00:00+00:00,63897,,VNQ
389,109.1,109.585,108.26,109.38,2141070.0,109.0767,2024-04-11 04:00:00+00:00,20563,,VT
390,71.26,71.35,71.19,71.2,12479150.0,71.2496,2024-04-12 04:00:00+00:00,28965,,BND
391,514.37,515.815,509.08,510.85,92561094.0,512.3197,2024-04-12 04:00:00+00:00,769300,,SPY
392,48.32,48.36,48.31,48.35,218731.0,48.3434,2024-04-12 04:00:00+00:00,1038,,VNLA
393,82.19,82.38,81.39,81.71,5451241.0,81.8075,2024-04-12 04:00:00+00:00,56499,,VNQ
394,108.48,108.76,107.3645,107.61,2353045.0,108.0316,2024-04-12 04:00:00+00:00,28874,,VT
395,70.85,70.86,70.63,70.73,8079403.0,70.7302,2024-04-15 04:00:00+00:00,39109,,BND
396,515.13,515.3,503.58,504.45,92101447.0,508.3154,2024-04-15 04:00:00+00:00,841318,,SPY
397,48.32,48.3706,48.24,48.33,472071.0,48.3091,2024-04-15 04:00:00+00:00,1866,,VNLA
398,82.25,82.33,79.87,80.32,5478618.0,80.7847,2024-04-15 04:00:00+00:00,65185,,VNQ
399,108.59,108.605,106.37,106.6,2497387.0,107.5655,2024-04-15 04:00:00+00:00,31591,,VT
400,70.52,70.61,70.415,70.55,14378960.0,70.519,2024-04-16 04:00:00+00:00,31705,,BND
401,504.94,506.5,502.21,503.53,73484020.0,504.161,2024-04-16 04:00:00+00:00,689033,,SPY
402,48.3,48.335,48.295,48.33,613196.0,48.3094,2024-04-16 04:00:00+00:00,1691,,VNLA
403,79.96,80.05,78.96,79.19,6598970.0,79.3893,2024-04-16 04:00:00+00:00,71739,,VNQ
404,106.23,106.54,105.69,105.99,2299379.0,106.0623,2024-04-16 04:00:00+00:00,27602,,VT
405,70.77,70.94,70.66,70.89,6568516.0,70.8097,2024-04-17 04:00:00+00:00,23575,,BND
406,506.05,506.22,499.12,500.55,75910305.0,502.1363,2024-04-17 04:00:00+00:00,704743,,SPY
407,48.33,48.36,48.305,48.31,613639.0,48.3198,2024-04-17 04:00:00+00:00,1611,,VNLA
408,79.03,79.3831,78.56,78.61,5554723.0,78.9208,2024-04-17 04:00:00+00:00,59942,,VNQ
409,106.46,106.54,105.23,105.59,3519369.0,105.8018,2024-04-17 04:00:00+00:00,36378,,VT
410,70.88,70.89,70.64,70.7,6349599.0,70.7234,2024-04-18 04:00:00+00:00,21968,,BND
411,501.98,504.13,498.56,499.52,74548085.0,500.7119,2024-04-18 04:00:00+00:00,627452,,SPY
412,48.32,48.35,48.32,48.34,466363.0,48.3303,2024-04-18 04:00:00+00:00,1130,,VNLA
413,78.93,79.12,78.27,78.62,4158385.0,78.6364,2024-04-18 04:00:00+00:00,45252,,VNQ
414,105.86,106.295,105.23,105.43,1587720.0,105.7054,2024-04-18 04:00:00+00:00,21501,,VT
415,70.85,70.8796,70.7301,70.79,8338525.0,70.7811,2024-04-19 04:00:00+00:00,24485,,BND
416,499.44,500.455,493.86,495.16,102212587.0,496.837,2024-04-19 04:00:00+00:00,756686,,SPY
417,48.3,48.34,48.3,48.33,350350.0,48.3257,2024-04-19 04:00:00+00:00,1566,,VNLA
418,78.66,79.35,78.625,79.0,4585624.0,78.9358,2024-04-19 04:00:00+00:00,51437,,VNQ
419,105.45,105.68,104.64,104.94,2264651.0,105.1803,2024-04-19 04:00:00+00:00,29204,,VT
420,70.76,70.8794,70.72,70.82,5938472.0,70.8142,2024-04-22 04:00:00+00:00,23838,,BND
421,497.83,502.38,495.43,499.72,67961048.0,498.8218,2024-04-22 04:00:00+00:00,601783,,SPY
422,48.32,48.372,48.32,48.35,468248.0,48.3478,2024-04-22 04:00:00+00:00,1345,,VNLA
423,79.3,79.86,78.76,79.7,3846151.0,79.4317,2024-04-22 04:00:00+00:00,42822,,VNQ
424,105.47,106.3941,105.12,105.92,1847389.0,105.6125,2024-04-22 04:00:00+00:00,20622,,VT
425,70.78,71.11,70.71,70.95,6044535.0,70.9876,2024-04-23 04:00:00+00:00,25247,,BND
426,501.78,506.09,499.5328,505.65,64633620.0,504.4183,2024-04-23 04:00:00+00:00,527370,,SPY
427,48.33,48.4,48.32,48.4,337048.0,48.3417,2024-04-23 04:00:00+00:00,1053,,VNLA
428,79.85,80.76,79.72,80.43,5484084.0,80.4627,2024-04-23 04:00:00+00:00,46325,,VNQ
429,106.29,107.295,106.19,107.13,1763952.0,106.9505,2024-04-23 04:00:00+00:00,19973,,VT
430,70.84,70.84,70.63,70.77,4616616.0,70.7132,2024-04-24 04:00:00+00:00,18588,,BND
431,506.56,507.37,503.13,505.41,55928076.0,505.3062,2024-04-24 04:00:00+00:00,495174,,SPY
432,48.39,48.41,48.36,48.38,388425.0,48.3721,2024-04-24 04:00:00+00:00,1157,,VNLA
433,80.12,80.725,79.64,80.58,4513601.0,80.476,2024-04-24 04:00:00+00:00,41348,,VNQ
434,107.4,107.495,106.63,107.1,1737455.0,107.1148,2024-04-24 04:00:00+00:00,18614,,VT
435,70.45,70.59,70.37,70.57,5367529.0,70.5211,2024-04-25 04:00:00+00:00,22521,,BND
436,499.18,504.27,497.49,503.49,69122368.0,501.6202,2024-04-25 04:00:00+00:00,625039,,SPY
437,48.26,48.38,48.26,48.38,509794.0,48.3417,2024-04-25 04:00:00+00:00,1408,,VNLA
438,79.78,80.245,79.27,80.12,4082769.0,79.8465,2024-04-25 04:00:00+00:00,42975,,VNQ
439,105.8,106.91,105.475,106.76,1332760.0,106.1761,2024-04-25 04:00:00+00:00,16643,,VT
440,70.7,70.83,70.7,70.73,4256567.0,70.7568,2024-04-26 04:00:00+00:00,19800,,BND
441,506.35,509.88,505.7,508.26,64306118.0,508.0108,2024-04-26 04:00:00+00:00,491759,,SPY
442,48.37,48.43,48.3492,48.39,477892.0,48.3882,2024-04-26 04:00:00+00:00,1496,,VNLA
443,80.24,80.965,80.0,80.16,3367694.0,80.474,2024-04-26 04:00:00+00:00,40485,,VNQ
444,107.36,107.92,107.21,107.72,1169059.0,107.5691,2024-04-26 04:00:00+00:00,14366,,VT
445,70.85,70.98,70.82,70.94,4799676.0,70.9126,2024-04-29 04:00:00+00:00,26396,,BND
446,510.09,510.75,507.25,510.06,46415449.0,509.5696,2024-04-29 04:00:00+00:00,440177,,SPY
447,48.37,48.43,48.11,48.41,1174724.0,48.4084,2024-04-29 04:00:00+00:00,2343,,VNLA
448,80.51,81.23,80.51,80.98,4373992.0,80.8892,2024-04-29 04:00:00+00:00,46830,,VNQ
449,108.1,108.3,107.722,108.19,920332.0,108.1255,2024-04-29 04:00:00+00:00,14429,,VT
450,70.73,70.84,70.61,70.67,6605819.0,70.7163,2024-04-30 04:00:00+00:00,24182,,BND
451,508.56,509.56,501.98,501.98,77483566.0,505.7346,2024-04-30 04:00:00+00:00,575798,,SPY
452,48.42,48.42,48.3617,48.37,339818.0,48.3905,2024-04-30 04:00:00+00:00,885,,VNLA
453,80.41,80.7901,79.58,79.61,7004078.0,79.9952,2024-04-30 04:00:00+00:00,56723,,VNQ
454,107.77,107.99,106.5,106.54,3626074.0,106.99,2024-04-30 04:00:00+00:00,24665,,VT
455,70.6,70.93,70.5,70.71,8119154.0,70.6514,2024-05-01 04:00:00+00:00,30670,,BND
456,501.38,508.19,499.865,500.35,80242839.0,502.559,2024-05-01 04:00:00+00:00,733935,,SPY
457,48.21,48.23,48.1424,48.22,664855.0,48.1996,2024-05-01 04:00:00+00:00,1972,,VNLA
458,79.5,81.12,79.37,79.64,7204232.0,79.995,2024-05-01 04:00:00+00:00,71399,,VNQ
459,106.42,107.81,106.1,106.34,1521386.0,106.636,2024-05-01 04:00:00+00:00,20807,,VT
460,70.69,71.02,70.65,70.99,6014840.0,70.8933,2024-05-02 04:00:00+00:00,23880,,BND
461,504.15,505.89,499.55,505.03,62550179.0,503.3411,2024-05-02 04:00:00+00:00,532686,,SPY
462,48.21,48.28,48.1744,48.28,365898.0,48.2534,2024-05-02 04:00:00+00:00,1181,,VNLA
463,80.39,80.945,79.55,80.76,4804858.0,80.3898,2024-05-02 04:00:00+00:00,45445,,VNQ
464,107.25,107.845,106.48,107.64,1100134.0,107.2365,2024-05-02 04:00:00+00:00,16196,,VT
465,71.45,71.55,71.1799,71.35,7256902.0,71.3228,2024-05-03 04:00:00+00:00,25838,,BND
466,511.16,512.55,508.56,511.29,72756709.0,510.5637,2024-05-03 04:00:00+00:00,579112,,SPY
467,48.37,48.37,48.3095,48.32,403906.0,48.3175,2024-05-03 04:00:00+00:00,1411,,VNLA
468,82.16,82.64,81.115,81.3,4270214.0,81.5186,2024-05-03 04:00:00+00:00,45471,,VNQ
469,108.83,109.06,108.28,108.79,1376135.0,108.6987,2024-05-03 04:00:00+00:00,17832,,VT
470,71.4,71.47,71.34,71.42,5584447.0,71.4004,2024-05-06 04:00:00+00:00,24627,,BND
471,513.75,516.61,513.3,516.57,47264703.0,514.6368,2024-05-06 04:00:00+00:00,444751,,SPY
472,48.32,48.34,48.32,48.32,385475.0,48.3271,2024-05-06 04:00:00+00:00,1318,,VNLA
473,81.89,82.0311,81.05,81.37,3044825.0,81.33,2024-05-06 04:00:00+00:00,38165,,VNQ
474,109.3,109.77,109.24,109.76,744976.0,109.4659,2024-05-06 04:00:00+00:00,12057,,VT
475,71.64,71.7299,71.51,71.56,4635423.0,71.6193,2024-05-07 04:00:00+00:00,22468,,BND
476,517.56,518.57,516.45,517.14,52561299.0,517.4889,2024-05-07 04:00:00+00:00,432297,,SPY
477,48.36,48.37,48.255,48.35,252327.0,48.352,2024-05-07 04:00:00+00:00,1010,,VNLA
478,82.01,82.4,81.78,82.14,3667349.0,82.1337,2024-05-07 04:00:00+00:00,34436,,VNQ
479,109.95,110.0676,109.66,109.79,1336359.0,109.863,2024-05-07 04:00:00+00:00,11793,,VT
480,71.42,71.47,71.39,71.39,6774498.0,71.4215,2024-05-08 04:00:00+00:00,23974,,BND
481,515.26,517.74,515.14,517.19,42047214.0,516.9213,2024-05-08 04:00:00+00:00,369156,,SPY
482,48.33,48.36,48.32,48.33,344645.0,48.3405,2024-05-08 04:00:00+00:00,1375,,VNLA
483,81.69,81.69,81.18,81.45,4129959.0,81.4732,2024-05-08 04:00:00+00:00,43360,,VNQ
484,109.37,109.77,109.3,109.72,868463.0,109.6097,2024-05-08 04:00:00+00:00,10874,,VT
485,71.4,71.62,71.36,71.58,4525228.0,71.4999,2024-05-09 04:00:00+00:00,20524,,BND
486,517.38,520.2074,516.705,520.17,43643668.0,519.1099,2024-05-09 04:00:00+00:00,399521,,SPY
487,48.33,48.3699,48.33,48.35,390373.0,48.3522,2024-05-09 04:00:00+00:00,1163,,VNLA
488,82.1,83.185,82.1,83.12,5452208.0,82.7453,2024-05-09 04:00:00+00:00,46327,,VNQ
489,109.78,110.41,109.65,110.4,1275045.0,110.1948,2024-05-09 04:00:00+00:00,11835,,VT
490,71.46,71.48,71.35,71.38,5562020.0,71.3891,2024-05-10 04:00:00+00:00,22701,,BND
491,521.81,522.635,519.59,520.84,52233171.0,520.8834,2024-05-10 04:00:00+00:00,428544,,SPY
492,48.34,48.3509,48.31,48.34,346945.0,48.3363,2024-05-10 04:00:00+00:00,1577,,VNLA
493,83.25,83.34,82.635,82.89,5649915.0,82.8732,2024-05-10 04:00:00+00:00,37307,,VNQ
494,110.82,110.9164,110.35,110.58,1168937.0,110.5998,2024-05-10 04:00:00+00:00,13765,,VT
495,71.6,71.6,71.43,71.44,5600592.0,71.4931,2024-05-13 04:00:00+00:00,23953,,BND
496,522.56,522.67,519.74,520.91,36716361.0,521.0737,2024-05-13 04:00:00+00:00,360851,,SPY
497,48.38,48.38,48.34,48.36,403463.0,48.3604,2024-05-13 04:00:00+00:00,1464,,VNLA
498,83.2,83.65,82.765,83.16,2848662.0,83.0668,2024-05-13 04:00:00+00:00,29896,,VNQ
499,110.78,110.88,110.38,110.56,708923.0,110.6523,2024-05-13 04:00:00+00:00,11141,,VT
500,71.63,71.7,71.54,71.65,4272618.0,71.6102,2024-05-14 04:00:00+00:00,18680,,BND
501,521.11,523.83,520.56,523.3,57535867.0,522.2998,2024-05-14 04:00:00+00:00,417237,,SPY
502,48.36,48.38,48.36,48.38,410734.0,48.3689,2024-05-14 04:00:00+00:00,1377,,VNLA
503,83.72,84.165,83.36,83.8,3099662.0,83.7498,2024-05-14 04:00:00+00:00,34462,,VNQ
504,110.8,111.27,110.58,111.24,716031.0,110.9535,2024-05-14 04:00:00+00:00,10219,,VT
505,72.02,72.16,71.936,72.11,4208189.0,72.0626,2024-05-15 04:00:00+00:00,20799,,BND
506,525.83,530.08,525.18,529.78,59504897.0,528.0624,2024-05-15 04:00:00+00:00,510553,,SPY
507,48.41,48.43,48.4,48.42,379666.0,48.4152,2024-05-15 04:00:00+00:00,1261,,VNLA
508,85.03,85.42,84.759,84.96,3544975.0,85.0175,2024-05-15 04:00:00+00:00,37345,,VNQ
509,111.86,112.56,111.63,112.53,1322872.0,112.1466,2024-05-15 04:00:00+00:00,14546,,VT
510,72.13,72.16,71.97,71.99,4359540.0,72.0462,2024-05-16 04:00:00+00:00,20879,,BND
511,529.88,531.5218,528.54,528.69,50244827.0,529.8399,2024-05-16 04:00:00+00:00,436763,,SPY
512,48.43,48.43,48.4,48.42,429483.0,48.4135,2024-05-16 04:00:00+00:00,885,,VNLA
513,85.04,85.275,84.765,84.9,2577014.0,85.076,2024-05-16 04:00:00+00:00,36920,,VNQ
514,112.51,112.64,112.12,112.17,1547912.0,112.3968,2024-05-16 04:00:00+00:00,18251,,VT
515,71.93,71.99,71.8,71.81,4373516.0,71.8623,2024-05-17 04:00:00+00:00,18881,,BND
516,528.81,529.52,527.32,529.45,59187585.0,528.8498,2024-05-17 04:00:00+00:00,372347,,SPY
517,48.4,48.4351,48.38,48.38,371930.0,48.401,2024-05-17 04:00:00+00:00,1335,,VNLA
518,85.0,85.1,84.58,84.89,2791696.0,84.8487,2024-05-17 04:00:00+00:00,31590,,VNQ
519,112.23,112.49,112.13,112.48,1779097.0,112.3298,2024-05-17 04:00:00+00:00,12074,,VT
520,71.77,71.8,71.73,71.74,3699649.0,71.7575,2024-05-20 04:00:00+00:00,22392,,BND
521,529.57,531.5601,529.17,530.06,37764206.0,530.2808,2024-05-20 04:00:00+00:00,331754,,SPY
522,48.4,48.43,48.4,48.4,222794.0,48.4164,2024-05-20 04:00:00+00:00,858,,VNLA
523,84.72,84.97,84.29,84.39,2842880.0,84.5593,2024-05-20 04:00:00+00:00,26311,,VNQ
524,112.5,112.83,112.41,112.55,961562.0,112.6592,2024-05-20 04:00:00+00:00,13026,,VT
525,71.93,71.93,71.85,71.89,4612285.0,71.8938,2024-05-21 04:00:00+00:00,20164,,BND
526,529.28,531.52,529.07,531.36,33437001.0,530.4523,2024-05-21 04:00:00+00:00,306615,,SPY
527,48.44,48.44,48.41,48.415,238922.0,48.4293,2024-05-21 04:00:00+00:00,874,,VNLA
528,84.19,84.4954,84.01,84.36,2655107.0,84.2482,2024-05-21 04:00:00+00:00,32665,,VNQ
529,112.31,112.565,112.21,112.54,879951.0,112.3772,2024-05-21 04:00:00+00:00,11066,,VT
530,71.74,71.88,71.72,71.8,4306301.0,71.8182,2024-05-22 04:00:00+00:00,18510,,BND
531,530.65,531.38,527.6,529.83,48389968.0,529.7843,2024-05-22 04:00:00+00:00,340286,,SPY
532,48.42,48.43,48.41,48.41,175705.0,48.4214,2024-05-22 04:00:00+00:00,633,,VNLA
533,84.07,84.41,83.35,83.6,3888208.0,83.8402,2024-05-22 04:00:00+00:00,37251,,VNQ
534,112.3,112.37,111.62,111.97,1763498.0,111.9986,2024-05-22 04:00:00+00:00,17124,,VT
535,71.82,71.8499,71.51,71.59,3589998.0,71.5939,2024-05-23 04:00:00+00:00,18158,,BND
536,532.96,533.07,524.72,525.96,57211197.0,528.0016,2024-05-23 04:00:00+00:00,440800,,SPY
537,48.43,48.45,48.41,48.415,396491.0,48.4176,2024-05-23 04:00:00+00:00,1560,,VNLA
538,83.6,83.6,81.745,81.8,4061082.0,82.3407,2024-05-23 04:00:00+00:00,37808,,VNQ
539,112.78,112.92,110.95,111.17,716610.0,111.7322,2024-05-23 04:00:00+00:00,10954,,VT
540,71.57,71.69,71.53,71.67,4025471.0,71.6226,2024-05-24 04:00:00+00:00,16852,,BND
541,527.85,530.27,526.881,529.44,41291076.0,528.9137,2024-05-24 04:00:00+00:00,328934,,SPY
542,48.39,48.42,48.39,48.415,186443.0,48.4156,2024-05-24 04:00:00+00:00,685,,VNLA
543,82.19,82.3208,81.75,81.86,2317771.0,81.9408,2024-05-24 04:00:00+00:00,28251,,VNQ
544,111.61,112.095,111.445,111.99,1187349.0,111.8707,2024-05-24 04:00:00+00:00,11562,,VT
545,71.74,71.74,71.31,71.33,4743377.0,71.4986,2024-05-28 04:00:00+00:00,22623,,BND
546,530.27,530.51,527.11,529.81,36269602.0,529.3203,2024-05-28 04:00:00+00:00,343542,,SPY
547,48.42,48.44,48.41,48.41,312568.0,48.4231,2024-05-28 04:00:00+00:00,1199,,VNLA
548,82.25,82.58,81.23,81.32,3046845.0,81.6735,2024-05-28 04:00:00+00:00,34941,,VNQ
549,112.22,112.385,111.45,111.9,1612359.0,111.9934,2024-05-28 04:00:00+00:00,15357,,VT
550,71.2,71.205,70.97,71.07,4877939.0,71.0881,2024-05-29 04:00:00+00:00,21577,,BND
551,525.68,527.31,525.37,526.1,45190323.0,526.6046,2024-05-29 04:00:00+00:00,359207,,SPY
552,48.44,48.45,48.42,48.42,312142.0,48.4288,2024-05-29 04:00:00+00:00,1298,,VNLA
553,80.5,80.645,80.17,80.53,3203331.0,80.4261,2024-05-29 04:00:00+00:00,33168,,VNQ
554,110.82,111.02,110.65,110.68,821127.0,110.8175,2024-05-29 04:00:00+00:00,12833,,VT
555,71.32,71.42,71.26,71.38,3723357.0,71.3624,2024-05-30 04:00:00+00:00,17082,,BND
556,524.52,525.2,521.33,522.61,46468510.0,523.6716,2024-05-30 04:00:00+00:00,385210,,SPY
557,48.43,48.46,48.43,48.44,331936.0,48.4519,2024-05-30 04:00:00+00:00,1314,,VNLA
558,80.93,81.75,80.93,81.71,2748850.0,81.4897,2024-05-30 04:00:00+00:00,31250,,VNQ
559,110.68,111.015,110.33,110.61,1088143.0,110.7374,2024-05-30 04:00:00+00:00,13505,,VT
560,71.55,71.68,71.54,71.64,4193049.0,71.6002,2024-05-31 04:00:00+00:00,17962,,BND
561,523.59,527.5,518.36,527.37,90785755.0,523.8657,2024-05-31 04:00:00+00:00,530031,,SPY
562,48.45,48.51,48.45,48.49,400216.0,48.4886,2024-05-31 04:00:00+00:00,1113,,VNLA
563,82.21,83.3,81.845,83.24,4176870.0,82.7958,2024-05-31 04:00:00+00:00,38668,,VNQ
564,110.89,111.44,109.88,111.44,1604712.0,110.8239,2024-05-31 04:00:00+00:00,14204,,VT
565,71.57,71.8266,71.53,71.82,4799106.0,71.7443,2024-06-03 04:00:00+00:00,26678,,BND
566,529.02,529.31,522.6,527.8,46835702.0,526.6344,2024-06-03 04:00:00+00:00,468403,,SPY
567,48.32,48.35,48.3045,48.325,434671.0,48.3253,2024-06-03 04:00:00+00:00,1324,,VNLA
568,83.688,83.688,82.62,83.05,3301567.0,83.1243,2024-06-03 04:00:00+00:00,38746,,VNQ
569,111.91,111.91,110.72,111.55,1738351.0,111.382,2024-06-03 04:00:00+00:00,24642,,VT
570,71.96,72.14,71.9125,72.09,5298410.0,72.0253,2024-06-04 04:00:00+00:00,23363,,BND
571,526.46,529.15,524.96,528.39,34632661.0,527.155,2024-06-04 04:00:00+00:00,357976,,SPY
572,48.34,48.37,48.34,48.36,211473.0,48.3557,2024-06-04 04:00:00+00:00,677,,VNLA
573,82.81,84.04,82.81,83.69,2720690.0,83.6941,2024-06-04 04:00:00+00:00,32555,,VNQ
574,111.21,111.46,110.7201,111.33,1039052.0,111.0733,2024-06-04 04:00:00+00:00,14300,,VT
575,72.18,72.3,72.0,72.29,5506369.0,72.179,2024-06-05 04:00:00+00:00,20847,,BND
576,530.77,534.69,528.7254,534.67,47610365.0,532.578,2024-06-05 04:00:00+00:00,409460,,SPY
577,48.35,48.39,48.35,48.37,448216.0,48.3782,2024-06-05 04:00:00+00:00,889,,VNLA
578,83.74,83.86,83.09,83.59,2373317.0,83.5318,2024-06-05 04:00:00+00:00,28196,,VNQ
579,111.89,112.495,111.45,112.48,1506329.0,111.9837,2024-06-05 04:00:00+00:00,14481,,VT
580,72.17,72.33,72.17,72.3,4119659.0,72.2665,2024-06-06 04:00:00+00:00,20215,,BND
581,534.98,535.42,532.68,534.66,30808530.0,534.364,2024-06-06 04:00:00+00:00,304874,,SPY
582,48.37,48.4,48.37,48.4,457768.0,48.386,2024-06-06 04:00:00+00:00,1729,,VNLA
583,83.2,83.77,82.85,83.75,4002138.0,83.6321,2024-06-06 04:00:00+00:00,30756,,VNQ
584,112.67,112.67,112.26,112.56,929215.0,112.526,2024-06-06 04:00:00+00:00,13396,,VT
585,71.83,71.83,71.71,71.72,3826603.0,71.7721,2024-06-07 04:00:00+00:00,22262,,BND
586,533.66,536.89,532.535,534.01,43224525.0,534.4537,2024-06-07 04:00:00+00:00,336983,,SPY
587,48.39,48.39,48.34,48.34,384900.0,48.3656,2024-06-07 04:00:00+00:00,918,,VNLA
588,82.43,83.18,82.365,82.96,3227898.0,82.8772,2024-06-07 04:00:00+00:00,31532,,VNQ
589,112.3,112.565,111.905,112.01,820813.0,112.195,2024-06-07 04:00:00+00:00,11858,,VT
590,71.62,71.65,71.54,71.61,3925158.0,71.608,2024-06-10 04:00:00+00:00,21559,,BND
591,533.18,535.99,532.57,535.66,35729252.0,534.6713,2024-06-10 04:00:00+00:00,344628,,SPY
592,48.34,48.38,48.34,48.37,448190.0,48.3685,2024-06-10 04:00:00+00:00,881,,VNLA
593,82.7,83.515,82.1,83.24,2450820.0,83.0871,2024-06-10 04:00:00+00:00,30471,,VNQ
594,111.86,112.39,111.58,112.27,737510.0,112.0627,2024-06-10 04:00:00+00:00,12439,,VT
595,71.68,71.9255,71.66,71.9,4073183.0,71.7642,2024-06-11 04:00:00+00:00,17999,,BND
596,534.07,537.01,532.05,536.95,36383411.0,535.2603,2024-06-11 04:00:00+00:00,360292,,SPY
597,48.41,48.41,48.365,48.39,439410.0,48.3796,2024-06-11 04:00:00+00:00,1221,,VNLA
598,82.85,83.33,82.61,82.94,3261750.0,83.0047,2024-06-11 04:00:00+00:00,29143,,VNQ
599,111.86,112.1,111.23,112.08,2672974.0,111.666,2024-06-11 04:00:00+00:00,20883,,VT
600,72.42,72.58,72.215,72.23,4495747.0,72.4278,2024-06-12 04:00:00+00:00,21947,,BND
601,541.63,544.12,540.3,541.36,63251305.0,541.7072,2024-06-12 04:00:00+00:00,488541,,SPY
602,48.45,48.48,48.42,48.43,436039.0,48.4455,2024-06-12 04:00:00+00:00,1353,,VNLA
603,84.69,85.34,83.565,83.68,4123538.0,84.4309,2024-06-12 04:00:00+00:00,43394,,VNQ
604,113.3,113.82,112.96,113.17,1069676.0,113.4929,2024-06-12 04:00:00+00:00,15845,,VT
605,72.46,72.64,72.39,72.55,4339602.0,72.5206,2024-06-13 04:00:00+00:00,19322,,BND
606,543.15,543.325,539.59,542.45,44760949.0,541.9594,2024-06-13 04:00:00+00:00,350322,,SPY
607,48.45,48.47,48.45,48.455,275045.0,48.4562,2024-06-13 04:00:00+00:00,996,,VNLA
608,83.87,84.29,83.38,84.02,2619928.0,83.9306,2024-06-13 04:00:00+00:00,31774,,VNQ
609,113.19,113.21,112.23,112.77,838489.0,112.6736,2024-06-13 04:00:00+00:00,13508,,VT
610,72.66,72.73,72.6,72.66,3526987.0,72.6548,2024-06-14 04:00:00+00:00,17931,,BND
611,540.88,542.81,539.85,542.78,40089895.0,541.7797,2024-06-14 04:00:00+00:00,342838,,SPY
612,48.45,48.48,48.45,48.47,262886.0,48.472,2024-06-14 04:00:00+00:00,805,,VNLA
613,83.73,84.24,83.32,84.0,2178645.0,83.8217,2024-06-14 04:00:00+00:00,28843,,VNQ
614,112.21,112.43,111.815,112.41,1380271.0,112.2158,2024-06-14 04:00:00+00:00,14668,,VT
615,72.37,72.41,72.29,72.39,4018983.0,72.3563,2024-06-17 04:00:00+00:00,24961,,BND
616,542.08,548.53,541.6072,547.1,55839457.0,545.4434,2024-06-17 04:00:00+00:00,402255,,SPY
617,48.47,48.49,48.46,48.49,373420.0,48.4799,2024-06-17 04:00:00+00:00,1121,,VNLA
618,83.51,84.0895,83.155,83.67,2168125.0,83.6289,2024-06-17 04:00:00+00:00,30645,,VNQ
619,112.26,113.32,112.135,113.14,893618.0,112.6879,2024-06-17 04:00:00+00:00,14839,,VT
620,72.48,72.74,72.47,72.64,8492091.0,72.6062,2024-06-18 04:00:00+00:00,27696,,BND
621,547.16,548.62,546.73,548.49,41376417.0,547.7341,2024-06-18 04:00:00+00:00,324668,,SPY
622,48.64,48.64,48.49,48.5,470537.0,48.5082,2024-06-18 04:00:00+00:00,884,,VNLA
623,83.89,84.31,83.71,84.0,3073565.0,83.9827,2024-06-18 04:00:00+00:00,37366,,VNQ
624,113.14,113.59,113.14,113.51,965547.0,113.3999,2024-06-18 04:00:00+00:00,11746,,VT
625,72.4,72.5299,72.3453,72.5,4227755.0,72.4588,2024-06-20 04:00:00+00:00,23582,,BND
626,549.44,550.12,545.18,547.0,70328226.0,547.5513,2024-06-20 04:00:00+00:00,470269,,SPY
627,48.5,48.53,48.48,48.53,664492.0,48.4964,2024-06-20 04:00:00+00:00,1835,,VNLA
628,83.74,84.035,83.49,83.76,2432937.0,83.8171,2024-06-20 04:00:00+00:00,30410,,VNQ
629,113.66,113.765,112.95,113.31,1390882.0,113.4641,2024-06-20 04:00:00+00:00,17905,,VT
630,72.64,72.6759,72.425,72.52,4117006.0,72.5112,2024-06-21 04:00:00+00:00,21356,,BND
631,544.4,545.65,543.02,544.51,64513859.0,544.5378,2024-06-21 04:00:00+00:00,392335,,SPY
632,48.56,48.56,48.52,48.55,328801.0,48.5299,2024-06-21 04:00:00+00:00,935,,VNLA
633,83.92,84.145,83.4,83.97,2340120.0,83.876,2024-06-21 04:00:00+00:00,29024,,VNQ
634,112.44,112.595,112.12,112.43,1060412.0,112.3953,2024-06-21 04:00:00+00:00,13606,,VT
635,72.54,72.58,72.46,72.56,31937184.0,72.5099,2024-06-24 04:00:00+00:00,32016,,BND
636,544.33,546.95,542.62,542.74,45528654.0,544.299,2024-06-24 04:00:00+00:00,392113,,SPY
637,48.57,48.57,48.53,48.55,451533.0,48.5431,2024-06-24 04:00:00+00:00,1121,,VNLA
638,84.01,85.455,83.88,84.62,2834323.0,84.7705,2024-06-24 04:00:00+00:00,32936,,VNQ
639,112.73,113.27,112.55,112.55,951741.0,112.9004,2024-06-24 04:00:00+00:00,14374,,VT
640,72.57,72.61,72.4801,72.6,5959340.0,72.56,2024-06-25 04:00:00+00:00,23971,,BND
641,543.99,545.2,542.44,544.83,38273346.0,543.9443,2024-06-25 04:00:00+00:00,314940,,SPY
642,48.56,48.56,48.53,48.54,421908.0,48.546,2024-06-25 04:00:00+00:00,1081,,VNLA
643,84.48,84.52,83.13,83.58,3749189.0,83.5896,2024-06-25 04:00:00+00:00,29483,,VNQ
644,112.73,112.83,112.3545,112.77,1969247.0,112.6057,2024-06-25 04:00:00+00:00,11399,,VT
645,72.3,72.315,72.23,72.26,5910713.0,72.2727,2024-06-26 04:00:00+00:00,23159,,BND
646,543.69,546.24,543.03,545.51,38550637.0,544.7849,2024-06-26 04:00:00+00:00,336264,,SPY
647,48.54,48.54,48.5,48.51,473381.0,48.5105,2024-06-26 04:00:00+00:00,1211,,VNLA
648,83.0,83.575,82.841,83.32,3287920.0,83.2692,2024-06-26 04:00:00+00:00,30370,,VNQ
649,112.36,112.695,112.18,112.6,846517.0,112.4405,2024-06-26 04:00:00+00:00,11774,,VT
650,72.395,72.46,72.36,72.39,5514794.0,72.4054,2024-06-27 04:00:00+00:00,20729,,BND
651,545.37,546.96,544.61,546.37,35041480.0,545.7999,2024-06-27 04:00:00+00:00,318146,,SPY
652,48.54,48.55,48.53,48.55,412673.0,48.5368,2024-06-27 04:00:00+00:00,1008,,VNLA
653,83.45,84.16,83.26,84.13,4244875.0,83.8822,2024-06-27 04:00:00+00:00,33635,,VNQ
654,112.7,112.95,112.495,112.81,1094666.0,112.7093,2024-06-27 04:00:00+00:00,13456,,VT
655,72.55,72.55,72.05,72.05,4824520.0,72.251,2024-06-28 04:00:00+00:00,20727,,BND
656,547.16,550.28,542.95,544.22,76144535.0,545.8725,2024-06-28 04:00:00+00:00,493015,,SPY
657,48.55,48.58,48.54,48.54,420172.0,48.565,2024-06-28 04:00:00+00:00,1026,,VNLA
658,83.49,84.12,83.125,83.76,4090531.0,83.5415,2024-06-28 04:00:00+00:00,40709,,VNQ
659,113.01,113.48,112.29,112.63,1192554.0,112.8062,2024-06-28 04:00:00+00:00,18603,,VT
660,71.58,71.76,71.4,71.45,4960049.0,71.4856,2024-07-01 04:00:00+00:00,28293,,BND
661,545.63,545.88,542.52,545.34,40297810.0,544.8006,2024-07-01 04:00:00+00:00,370685,,SPY
662,48.34,48.36,48.33,48.34,522736.0,48.3403,2024-07-01 04:00:00+00:00,1259,,VNLA
663,83.69,83.9,82.465,82.97,3274823.0,83.0202,2024-07-01 04:00:00+00:00,35684,,VNQ
664,113.1,113.13,112.37,112.78,2528306.0,112.7225,2024-07-01 04:00:00+00:00,20165,,VT
665,71.69,71.735,71.57,71.66,6080286.0,71.6393,2024-07-02 04:00:00+00:00,25582,,BND
666,543.7,549.01,543.65,549.01,40434792.0,546.8588,2024-07-02 04:00:00+00:00,326760,,SPY
667,48.35,48.39,48.35,48.38,543463.0,48.3767,2024-07-02 04:00:00+00:00,1151,,VNLA
668,83.21,83.49,82.88,83.36,3141623.0,83.2345,2024-07-02 04:00:00+00:00,30676,,VNQ
669,112.51,113.335,112.5,113.31,1245390.0,112.8068,2024-07-02 04:00:00+00:00,14358,,VT
670,71.86,72.095,71.805,72.07,4438621.0,72.0062,2024-07-03 04:00:00+00:00,23233,,BND
671,548.69,551.83,548.65,551.46,32789911.0,550.2991,2024-07-03 04:00:00+00:00,253838,,SPY
672,48.38,48.42,48.38,48.41,567219.0,48.4056,2024-07-03 04:00:00+00:00,864,,VNLA
673,83.45,83.94,83.27,83.28,1571471.0,83.4976,2024-07-03 04:00:00+00:00,20418,,VNQ
674,113.53,114.21,113.53,114.18,1510243.0,114.0117,2024-07-03 04:00:00+00:00,14312,,VT
675,72.26,72.45,72.215,72.4,4201930.0,72.3596,2024-07-05 04:00:00+00:00,23462,,BND
676,551.77,555.05,551.12,554.64,41488389.0,553.594,2024-07-05 04:00:00+00:00,339620,,SPY
677,48.48,48.48,48.44,48.47,497938.0,48.4589,2024-07-05 04:00:00+00:00,1119,,VNLA
678,83.44,83.67,82.98,83.51,3216980.0,83.4207,2024-07-05 04:00:00+00:00,35107,,VNQ
679,114.49,114.7616,113.99,114.71,1308632.0,114.4674,2024-07-05 04:00:00+00:00,17160,,VT
680,72.39,72.45,72.29,72.4,4742403.0,72.3939,2024-07-08 04:00:00+00:00,24923,,BND
681,555.44,556.2501,554.19,555.28,36110451.0,555.1809,2024-07-08 04:00:00+00:00,315486,,SPY
682,48.46,48.48,48.45,48.48,322637.0,48.4682,2024-07-08 04:00:00+00:00,955,,VNLA
683,83.61,83.98,83.4,83.78,3239198.0,83.7479,2024-07-08 04:00:00+00:00,32777,,VNQ
684,114.9,115.01,114.54,114.68,1283746.0,114.7607,2024-07-08 04:00:00+00:00,18860,,VT
685,72.37,72.415,72.21,72.37,8533930.0,72.3147,2024-07-09 04:00:00+00:00,19619,,BND
686,556.26,557.18,555.52,555.82,27314125.0,556.1018,2024-07-09 04:00:00+00:00,298712,,SPY
687,48.47,48.49,48.465,48.48,425862.0,48.4811,2024-07-09 04:00:00+00:00,913,,VNLA
688,83.58,84.04,82.95,83.76,2123274.0,83.6251,2024-07-09 04:00:00+00:00,30633,,VNQ
689,114.86,114.925,114.54,114.66,885695.0,114.7414,2024-07-09 04:00:00+00:00,14079,,VT
690,72.42,72.4699,72.32,72.43,5591598.0,72.4049,2024-07-10 04:00:00+00:00,20339,,BND
691,557.07,561.67,556.77,561.32,38701220.0,559.4299,2024-07-10 04:00:00+00:00,339735,,SPY
692,48.49,48.51,48.49,48.51,612371.0,48.5014,2024-07-10 04:00:00+00:00,1605,,VNLA
693,84.1,84.45,83.57,84.38,2482444.0,84.0021,2024-07-10 04:00:00+00:00,30482,,VNQ
694,115.05,115.9,115.011,115.87,1064465.0,115.4842,2024-07-10 04:00:00+00:00,18206,,VT
695,72.83,72.9375,72.77,72.79,4980017.0,72.8472,2024-07-11 04:00:00+00:00,20807,,BND
696,561.44,562.33,555.83,556.48,53054184.0,558.1176,2024-07-11 04:00:00+00:00,458805,,SPY
697,48.56,48.58,48.54,48.56,383234.0,48.5592,2024-07-11 04:00:00+00:00,1452,,VNLA
698,85.46,87.1,85.46,86.8,4365990.0,86.6626,2024-07-11 04:00:00+00:00,49618,,VNQ
699,116.1,116.505,115.4973,115.64,1380314.0,115.9433,2024-07-11 04:00:00+00:00,17250,,VT
700,72.85,72.98,72.8,72.98,4656917.0,72.9013,2024-07-12 04:00:00+00:00,22371,,BND
701,557.63,563.67,557.15,559.99,53084405.0,560.3967,2024-07-12 04:00:00+00:00,418470,,SPY
702,48.57,48.62,48.57,48.61,179820.0,48.6007,2024-07-12 04:00:00+00:00,591,,VNLA
703,87.5,88.02,87.14,87.46,3562751.0,87.5929,2024-07-12 04:00:00+00:00,43844,,VNQ
704,116.1,117.09,116.03,116.42,1007939.0,116.5488,2024-07-12 04:00:00+00:00,13389,,VT
705,72.81,72.91,72.73,72.75,4557193.0,72.7995,2024-07-15 04:00:00+00:00,27925,,BND
706,562.03,564.8371,559.63,561.53,40584293.0,561.8968,2024-07-15 04:00:00+00:00,398072,,SPY
707,48.59,48.64,48.59,48.62,500993.0,48.6177,2024-07-15 04:00:00+00:00,1589,,VNLA
708,87.62,88.16,87.37,88.05,2928745.0,87.8712,2024-07-15 04:00:00+00:00,37854,,VNQ
709,116.65,117.02,116.125,116.39,1740905.0,116.6183,2024-07-15 04:00:00+00:00,23708,,VT
710,72.82,73.04,72.81,73.03,4636607.0,72.9364,2024-07-16 04:00:00+00:00,22103,,BND
711,562.865,565.16,562.1,564.86,36475260.0,563.6379,2024-07-16 04:00:00+00:00,354166,,SPY
712,48.64,48.65,48.6,48.64,571426.0,48.6228,2024-07-16 04:00:00+00:00,1392,,VNLA
713,88.61,89.16,88.1538,89.13,3029250.0,88.8011,2024-07-16 04:00:00+00:00,33745,,VNQ
714,116.6,117.26,116.51,117.25,853983.0,116.8399,2024-07-16 04:00:00+00:00,13504,,VT
715,72.94,73.14,72.89,73.1,8365098.0,73.0363,2024-07-17 04:00:00+00:00,31133,,BND
716,558.8,560.51,556.61,556.94,57118956.0,558.5542,2024-07-17 04:00:00+00:00,472516,,SPY
717,48.64,48.65,48.605,48.64,610855.0,48.6279,2024-07-17 04:00:00+00:00,1663,,VNLA
718,89.02,90.34,89.02,89.74,4757150.0,89.7225,2024-07-17 04:00:00+00:00,55801,,VNQ
719,116.21,116.555,115.75,115.8,2856309.0,115.9117,2024-07-17 04:00:00+00:00,23020,,VT
720,72.98,73.105,72.87,72.91,7673696.0,73.0006,2024-07-18 04:00:00+00:00,26886,,BND
721,558.51,559.52,550.43,552.66,56270392.0,554.2496,2024-07-18 04:00:00+00:00,510019,,SPY
722,48.63,48.65,48.63,48.64,276725.0,48.6393,2024-07-18 04:00:00+00:00,968,,VNLA
723,89.24,90.785,88.725,88.95,4464650.0,89.7318,2024-07-18 04:00:00+00:00,51215,,VNQ
724,116.14,116.275,114.44,114.82,1007680.0,115.2673,2024-07-18 04:00:00+00:00,15096,,VT
725,72.99,72.99,72.7,72.72,5593079.0,72.7429,2024-07-19 04:00:00+00:00,19632,,BND
726,552.42,554.08,547.91,548.99,65509081.0,550.3146,2024-07-19 04:00:00+00:00,446111,,SPY
727,48.63,48.65,48.62,48.63,108454.0,48.6382,2024-07-19 04:00:00+00:00,570,,VNLA
728,89.08,89.23,88.405,88.79,2809029.0,88.7656,2024-07-19 04:00:00+00:00,32956,,VNQ
729,114.6,114.84,113.895,114.06,1043014.0,114.2588,2024-07-19 04:00:00+00:00,17068,,VT
730,72.83,72.85,72.6,72.69,5055740.0,72.7207,2024-07-22 04:00:00+00:00,25635,,BND
731,553.0,555.27,551.02,554.65,43346720.0,553.5478,2024-07-22 04:00:00+00:00,419641,,SPY
732,48.63,48.6499,48.62,48.63,313947.0,48.6254,2024-07-22 04:00:00+00:00,664,,VNLA
733,89.05,89.8,88.4125,89.71,3244496.0,89.3747,2024-07-22 04:00:00+00:00,42383,,VNQ
734,114.85,115.27,114.4841,115.2,1057874.0,114.9766,2024-07-22 04:00:00+00:00,17981,,VT
735,72.7304,72.835,72.69,72.7,6981838.0,72.7679,2024-07-23 04:00:00+00:00,22624,,BND
736,554.54,556.735,553.275,553.78,34439561.0,554.7753,2024-07-23 04:00:00+00:00,308680,,SPY
737,48.63,48.65,48.63,48.64,312606.0,48.6421,2024-07-23 04:00:00+00:00,760,,VNLA
738,89.57,90.26,89.17,89.64,2655365.0,89.7776,2024-07-23 04:00:00+00:00,37109,,VNQ
739,115.0,115.31,114.7799,114.84,1038216.0,115.0656,2024-07-23 04:00:00+00:00,13430,,VT
740,72.79,72.84,72.49,72.49,5080209.0,72.6814,2024-07-24 04:00:00+00:00,23044,,BND
741,548.86,549.17,540.29,541.23,74515266.0,544.6543,2024-07-24 04:00:00+00:00,537919,,SPY
742,48.66,48.6862,48.65,48.65,158448.0,48.6698,2024-07-24 04:00:00+00:00,781,,VNLA
743,89.59,90.165,88.23,88.32,3844894.0,89.1568,2024-07-24 04:00:00+00:00,45174,,VNQ
744,114.16,114.23,112.55,112.63,1035118.0,113.3752,2024-07-24 04:00:00+00:00,17264,,VT
745,72.57,72.81,72.57,72.65,4567668.0,72.6853,2024-07-25 04:00:00+00:00,22135,,BND
746,541.35,547.455,537.45,538.41,61158288.0,541.5216,2024-07-25 04:00:00+00:00,555720,,SPY
747,48.66,48.69,48.65,48.66,177394.0,48.6686,2024-07-25 04:00:00+00:00,780,,VNLA
748,88.65,89.68,87.8389,88.03,4723166.0,88.692,2024-07-25 04:00:00+00:00,53078,,VNQ
749,112.49,113.75,111.86,112.25,1196091.0,112.7538,2024-07-25 04:00:00+00:00,19943,,VT
750,72.89,72.96,72.84,72.94,3692765.0,72.9119,2024-07-26 04:00:00+00:00,20166,,BND
751,542.28,547.19,541.49,544.44,53763788.0,543.8477,2024-07-26 04:00:00+00:00,458201,,SPY
752,48.7,48.73,48.7,48.725,302272.0,48.7235,2024-07-26 04:00:00+00:00,752,,VNLA
753,88.68,89.875,88.44,89.57,3326098.0,89.3071,2024-07-26 04:00:00+00:00,41778,,VNQ
754,113.1,113.94,112.96,113.54,730327.0,113.4343,2024-07-26 04:00:00+00:00,13552,,VT
755,73.05,73.14,72.96,73.03,5184998.0,73.0222,2024-07-29 04:00:00+00:00,21277,,BND
756,546.02,547.05,542.72,544.76,39515824.0,545.1761,2024-07-29 04:00:00+00:00,364441,,SPY
757,48.73,48.76,48.73,48.75,265950.0,48.7518,2024-07-29 04:00:00+00:00,998,,VNLA
758,89.71,90.33,88.92,90.03,3371105.0,89.7797,2024-07-29 04:00:00+00:00,43626,,VNQ
759,113.71,114.0,113.03,113.39,761032.0,113.5212,2024-07-29 04:00:00+00:00,13311,,VT
760,73.14,73.1699,72.965,73.12,4282517.0,73.0811,2024-07-30 04:00:00+00:00,19548,,BND
761,546.26,547.34,538.515,542.0,46853632.0,542.4825,2024-07-30 04:00:00+00:00,428534,,SPY
762,48.75,48.78,48.75,48.77,316900.0,48.7653,2024-07-30 04:00:00+00:00,617,,VNLA
763,90.37,90.935,90.03,90.73,2853967.0,90.3785,2024-07-30 04:00:00+00:00,38007,,VNQ
764,113.7,113.9,112.5,113.1,1087549.0,113.1639,2024-07-30 04:00:00+00:00,22926,,VT
765,73.38,73.52,73.19,73.52,6041361.0,73.3414,2024-07-31 04:00:00+00:00,25328,,BND
766,548.98,553.5,547.5799,550.81,65663388.0,549.7549,2024-07-31 04:00:00+00:00,499830,,SPY
767,48.79,48.81,48.765,48.81,295509.0,48.7887,2024-07-31 04:00:00+00:00,1155,,VNLA
768,90.89,91.5355,90.15,90.41,5633797.0,90.8865,2024-07-31 04:00:00+00:00,52617,,VNQ
769,114.64,115.46,114.4197,114.86,1307810.0,114.9138,2024-07-31 04:00:00+00:00,15210,,VT
770,73.5,73.6773,73.44,73.57,8733738.0,73.5782,2024-08-01 04:00:00+00:00,26944,,BND
771,552.57,554.8688,539.43,543.01,76428732.0,544.9688,2024-08-01 04:00:00+00:00,658124,,SPY
772,48.62,48.66,48.62,48.63,620146.0,48.6429,2024-08-01 04:00:00+00:00,2663,,VNLA
773,91.458,91.815,90.465,91.32,6988074.0,91.0488,2024-08-01 04:00:00+00:00,65113,,VNQ
774,114.74,115.09,112.16,112.78,2407694.0,112.9375,2024-08-01 04:00:00+00:00,27539,,VT
775,74.13,74.438,74.0,74.41,6476348.0,74.2765,2024-08-02 04:00:00+00:00,33060,,BND
776,535.75,536.99,528.6,532.9,82789070.0,532.2754,2024-08-02 04:00:00+00:00,746100,,SPY
777,48.68,48.78,48.68,48.72,570929.0,48.7334,2024-08-02 04:00:00+00:00,1500,,VNLA
778,91.1,92.13,90.45,91.27,5223649.0,91.1209,2024-08-02 04:00:00+00:00,58230,,VNQ
779,111.35,111.35,109.85,110.71,1864737.0,110.6956,2024-08-02 04:00:00+00:00,28329,,VT
780,74.79,74.8,74.19,74.34,8354219.0,74.4467,2024-08-05 04:00:00+00:00,45792,,BND
781,511.64,523.58,510.27,517.38,146267391.0,518.2055,2024-08-05 04:00:00+00:00,1274896,,SPY
782,48.74,48.74,48.66,48.675,639307.0,48.6851,2024-08-05 04:00:00+00:00,1323,,VNLA
783,89.48,91.02,88.415,88.66,6852591.0,89.4621,2024-08-05 04:00:00+00:00,77227,,VNQ
784,106.37,108.81,105.9,107.72,3283668.0,107.4878,2024-08-05 04:00:00+00:00,44003,,VT
785,74.26,74.28,73.88,73.88,6484392.0,74.029,2024-08-06 04:00:00+00:00,30410,,BND
786,519.22,529.75,517.87,522.15,84826312.0,523.6764,2024-08-06 04:00:00+00:00,731363,,SPY
787,48.64,48.6905,48.64,48.66,477341.0,48.666,2024-08-06 04:00:00+00:00,1369,,VNLA
788,88.64,91.37,88.27,90.41,7321616.0,90.4578,2024-08-06 04:00:00+00:00,68667,,VNQ
789,107.76,109.74,107.53,108.53,1539760.0,108.7856,2024-08-06 04:00:00+00:00,22842,,VT
790,73.81,73.88,73.59,73.7,5907301.0,73.7493,2024-08-07 04:00:00+00:00,23452,,BND
791,528.47,531.59,518.0519,518.66,70698340.0,523.581,2024-08-07 04:00:00+00:00,644157,,SPY
792,48.69,48.6963,48.655,48.67,632356.0,48.6739,2024-08-07 04:00:00+00:00,2224,,VNLA
793,90.81,91.85,89.68,89.79,4998566.0,90.7058,2024-08-07 04:00:00+00:00,54739,,VNQ
794,110.16,110.56,108.16,108.25,1847936.0,109.1316,2024-08-07 04:00:00+00:00,22048,,VT
795,73.5,73.63,73.475,73.59,4357510.0,73.5665,2024-08-08 04:00:00+00:00,21911,,BND
796,523.91,531.29,521.84,530.65,63276589.0,527.8547,2024-08-08 04:00:00+00:00,570742,,SPY
797,48.68,48.7,48.665,48.69,305451.0,48.6807,2024-08-08 04:00:00+00:00,1172,,VNLA
798,89.8,90.85,89.52,90.67,5981233.0,90.333,2024-08-08 04:00:00+00:00,61057,,VNQ
799,109.37,110.672,108.938,110.56,668541.0,109.9159,2024-08-08 04:00:00+00:00,12141,,VT
800,73.9,73.9399,73.81,73.85,6093118.0,73.8632,2024-08-09 04:00:00+00:00,17318,,BND
801,529.81,534.51,528.56,532.99,45619558.0,531.7268,2024-08-09 04:00:00+00:00,459823,,SPY
802,48.73,48.73,48.71,48.712,183765.0,48.7195,2024-08-09 04:00:00+00:00,476,,VNLA
803,91.02,91.26,90.1,91.09,4133920.0,90.9138,2024-08-09 04:00:00+00:00,44007,,VNQ
804,110.46,111.21,110.145,111.02,1519723.0,110.6504,2024-08-09 04:00:00+00:00,14937,,VT
805,73.81,74.0199,73.7403,73.98,4823063.0,73.9254,2024-08-12 04:00:00+00:00,21127,,BND
806,534.21,535.73,530.95,533.27,42542069.0,533.2281,2024-08-12 04:00:00+00:00,437515,,SPY
807,48.73,48.76,48.72,48.74,430855.0,48.7409,2024-08-12 04:00:00+00:00,1241,,VNLA
808,90.77,90.78,89.78,90.42,2925502.0,90.2263,2024-08-12 04:00:00+00:00,37850,,VNQ
809,111.19,111.49,110.65,111.04,852676.0,111.0541,2024-08-12 04:00:00+00:00,17014,,VT
810,74.19,74.27,74.14,74.26,4049064.0,74.2235,2024-08-13 04:00:00+00:00,18167,,BND
811,536.53,542.28,536.28,542.04,52333073.0,539.2412,2024-08-13 04:00:00+00:00,422228,,SPY
812,48.77,48.79,48.7601,48.77,270683.0,48.777,2024-08-13 04:00:00+00:00,1029,,VNLA
813,91.06,91.31,90.55,91.21,3111352.0,91.0501,2024-08-13 04:00:00+00:00,32839,,VNQ
814,111.66,112.8,111.63,112.77,761859.0,112.2327,2024-08-13 04:00:00+00:00,12621,,VT
815,74.31,74.48,74.26,74.4,6333773.0,74.4065,2024-08-14 04:00:00+00:00,24288,,BND
816,542.85,544.96,540.12,543.75,42446929.0,543.0542,2024-08-14 04:00:00+00:00,389697,,SPY
817,48.76,48.785,48.76,48.77,188548.0,48.7695,2024-08-14 04:00:00+00:00,633,,VNLA
818,91.37,91.88,90.93,91.45,2966284.0,91.532,2024-08-14 04:00:00+00:00,35029,,VNQ
819,112.87,113.17,112.4,113.05,587779.0,112.8674,2024-08-14 04:00:00+00:00,10390,,VT
820,73.96,74.09,73.91,74.09,5108279.0,74.052,2024-08-15 04:00:00+00:00,24139,,BND
821,549.5,553.36,548.88,553.07,60846812.0,551.1838,2024-08-15 04:00:00+00:00,480232,,SPY
822,48.74,48.76,48.735,48.74,239693.0,48.7479,2024-08-15 04:00:00+00:00,825,,VNLA
823,91.59,91.79,90.98,91.38,4054422.0,91.5045,2024-08-15 04:00:00+00:00,37801,,VNQ
824,114.03,114.81,114.01,114.72,762441.0,114.502,2024-08-15 04:00:00+00:00,11790,,VT
825,74.22,74.25,74.0501,74.25,4647786.0,74.176,2024-08-16 04:00:00+00:00,22743,,BND
826,551.42,555.02,551.26,554.31,44430728.0,553.4602,2024-08-16 04:00:00+00:00,328824,,SPY
827,48.75,48.8,48.75,48.795,227831.0,48.7821,2024-08-16 04:00:00+00:00,611,,VNLA
828,91.38,91.7,90.9182,91.33,2260964.0,91.1925,2024-08-16 04:00:00+00:00,26760,,VNQ
829,114.58,115.28,114.58,115.17,548271.0,114.9843,2024-08-16 04:00:00+00:00,10624,,VT
830,74.24,74.42,74.21,74.34,4964699.0,74.3387,2024-08-19 04:00:00+00:00,28924,,BND
831,554.73,559.61,553.86,559.61,39121793.0,557.2747,2024-08-19 04:00:00+00:00,365312,,SPY
832,48.8,48.83,48.7937,48.82,447778.0,48.8122,2024-08-19 04:00:00+00:00,1161,,VNLA
833,91.33,92.094,91.32,92.09,2629798.0,91.9404,2024-08-19 04:00:00+00:00,24984,,VNQ
834,115.44,116.38,115.3639,116.35,693379.0,115.9049,2024-08-19 04:00:00+00:00,13205,,VT
835,74.49,74.58,74.41,74.56,4444077.0,74.4737,2024-08-20 04:00:00+00:00,21823,,BND
836,559.15,560.84,557.325,558.7,33732264.0,558.9322,2024-08-20 04:00:00+00:00,335460,,SPY
837,48.82,48.84,48.82,48.83,206805.0,48.8334,2024-08-20 04:00:00+00:00,723,,VNLA
838,92.19,92.34,91.66,91.98,4934397.0,91.9159,2024-08-20 04:00:00+00:00,39144,,VNQ
839,116.33,116.4799,115.745,116.03,721782.0,116.0863,2024-08-20 04:00:00+00:00,12525,,VT
840,74.65,74.8399,74.5,74.72,4541802.0,74.6975,2024-08-21 04:00:00+00:00,24751,,BND
841,559.77,562.11,554.73,560.62,41514600.0,560.1363,2024-08-21 04:00:00+00:00,357431,,SPY
842,48.87,48.885,48.8501,48.87,421523.0,48.8679,2024-08-21 04:00:00+00:00,1093,,VNLA
843,92.08,92.515,91.6288,92.47,2965948.0,92.167,2024-08-21 04:00:00+00:00,31294,,VNQ
844,116.42,116.84,116.15,116.7,794177.0,116.4857,2024-08-21 04:00:00+00:00,15138,,VT
845,74.56,74.5797,74.33,74.42,3999715.0,74.4356,2024-08-22 04:00:00+00:00,20124,,BND
846,562.56,563.18,554.98,556.22,56121456.0,558.0001,2024-08-22 04:00:00+00:00,438323,,SPY
847,48.86,48.87,48.85,48.87,107774.0,48.8562,2024-08-22 04:00:00+00:00,564,,VNLA
848,92.52,92.825,92.22,92.74,3182312.0,92.6139,2024-08-22 04:00:00+00:00,26162,,VNQ
849,116.95,117.01,115.54,115.72,828344.0,116.1628,2024-08-22 04:00:00+00:00,13049,,VT
850,74.58,74.78,74.48,74.75,4291978.0,74.698,2024-08-23 04:00:00+00:00,22092,,BND
851,559.53,563.09,557.29,562.13,50639393.0,560.7801,2024-08-23 04:00:00+00:00,479176,,SPY
852,48.87,48.91,48.87,48.9,195560.0,48.8993,2024-08-23 04:00:00+00:00,666,,VNLA
853,93.14,94.905,93.075,94.78,8040171.0,94.4401,2024-08-23 04:00:00+00:00,51156,,VNQ
854,116.5,117.45,116.44,117.4,1114497.0,117.0554,2024-08-23 04:00:00+00:00,18307,,VT
855,74.845,74.85,74.665,74.67,4427211.0,74.7317,2024-08-26 04:00:00+00:00,26040,,BND
856,563.18,563.91,559.05,560.79,35788609.0,561.1744,2024-08-26 04:00:00+00:00,374792,,SPY
857,48.9,48.9099,48.88,48.9,337134.0,48.8958,2024-08-26 04:00:00+00:00,796,,VNLA
858,95.17,95.37,94.58,94.74,2748480.0,94.8794,2024-08-26 04:00:00+00:00,31388,,VNQ
859,117.43,117.5288,116.74,116.86,985181.0,117.137,2024-08-26 04:00:00+00:00,14867,,VT
860,74.51,74.7,74.49,74.67,3715873.0,74.602,2024-08-27 04:00:00+00:00,18947,,BND
861,559.49,562.06,558.32,561.56,32693898.0,560.9928,2024-08-27 04:00:00+00:00,306107,,SPY
862,48.91,48.95,48.91,48.9405,337736.0,48.9356,2024-08-27 04:00:00+00:00,762,,VNLA
863,94.04,94.9501,93.96,94.88,1859258.0,94.6499,2024-08-27 04:00:00+00:00,26944,,VNQ
864,116.87,117.32,116.65,117.2,1046467.0,117.0853,2024-08-27 04:00:00+00:00,13488,,VT
865,74.67,74.73,74.6,74.62,5180149.0,74.6605,2024-08-28 04:00:00+00:00,21203,,BND
866,561.21,561.65,555.04,558.3,41066024.0,558.4289,2024-08-28 04:00:00+00:00,389475,,SPY
867,48.96,48.96,48.91,48.94,126764.0,48.9352,2024-08-28 04:00:00+00:00,565,,VNLA
868,94.86,95.11,94.06,94.51,2664200.0,94.5735,2024-08-28 04:00:00+00:00,30268,,VNQ
869,117.08,117.14,115.98,116.52,1126978.0,116.6495,2024-08-28 04:00:00+00:00,17170,,VT
870,74.51,74.56,74.4168,74.51,3840845.0,74.5138,2024-08-29 04:00:00+00:00,19395,,BND
871,560.31,563.68,557.18,558.35,38715176.0,560.1538,2024-08-29 04:00:00+00:00,400443,,SPY
872,48.93,48.965,48.93,48.96,262705.0,48.9531,2024-08-29 04:00:00+00:00,789,,VNLA
873,94.46,94.62,93.8357,94.22,3379737.0,94.2069,2024-08-29 04:00:00+00:00,37082,,VNQ
874,117.03,117.6,116.54,116.69,1026679.0,117.1195,2024-08-29 04:00:00+00:00,14249,,VT
875,74.55,74.635,74.32,74.36,5037509.0,74.4761,2024-08-30 04:00:00+00:00,21549,,BND
876,560.77,564.2,557.14,563.68,62700110.0,561.5801,2024-08-30 04:00:00+00:00,430114,,SPY
877,48.98,49.0,48.96,48.97,198030.0,48.9774,2024-08-30 04:00:00+00:00,852,,VNLA
878,94.65,95.18,93.9644,95.13,3489966.0,94.6509,2024-08-30 04:00:00+00:00,34595,,VNQ
879,117.21,117.59,116.41,117.54,548046.0,117.0673,2024-08-30 04:00:00+00:00,11882,,VT
880,74.41,74.56,74.3344,74.45,6220122.0,74.4055,2024-09-03 04:00:00+00:00,36502,,BND
881,560.47,560.81,549.51,552.08,60600113.0,555.1769,2024-09-03 04:00:00+00:00,592610,,SPY
882,48.78,48.8,48.77,48.77,162041.0,48.7828,2024-09-03 04:00:00+00:00,734,,VNLA
883,94.74,95.5,94.49,95.08,5161018.0,95.0876,2024-09-03 04:00:00+00:00,58512,,VNQ
884,116.91,116.945,114.78,115.23,1386555.0,115.9678,2024-09-03 04:00:00+00:00,23470,,VT
885,74.49,74.81,74.47,74.78,7338584.0,74.698,2024-09-04 04:00:00+00:00,97090,,BND
886,550.2,554.43,549.46,550.95,47224939.0,551.511,2024-09-04 04:00:00+00:00,510879,,SPY
887,48.78,48.84,48.78,48.83,279175.0,48.8213,2024-09-04 04:00:00+00:00,891,,VNLA
888,95.32,96.23,94.85,95.35,3041066.0,95.4174,2024-09-04 04:00:00+00:00,38933,,VNQ
889,114.75,115.6,114.65,114.98,1048948.0,115.0019,2024-09-04 04:00:00+00:00,15248,,VT
890,74.93,74.99,74.73,74.96,9994338.0,74.8664,2024-09-05 04:00:00+00:00,84282,,BND
891,550.89,553.7995,547.1,549.61,44264258.0,549.8451,2024-09-05 04:00:00+00:00,501683,,SPY
892,48.84,48.8599,48.815,48.85,284068.0,48.8346,2024-09-05 04:00:00+00:00,966,,VNLA
893,95.98,96.135,94.87,95.04,6269420.0,95.2391,2024-09-05 04:00:00+00:00,57093,,VNQ
894,115.08,115.46,114.35,114.78,1570125.0,114.9418,2024-09-05 04:00:00+00:00,19853,,VT
895,75.0,75.365,74.87,75.05,22536011.0,75.119,2024-09-06 04:00:00+00:00,86810,,BND
896,549.94,551.6,539.44,540.36,68493805.0,542.7719,2024-09-06 04:00:00+00:00,673258,,SPY
897,48.86,48.9,48.82,48.87,953064.0,48.848,2024-09-06 04:00:00+00:00,2726,,VNLA
898,95.19,95.21,94.19,94.95,6965852.0,94.6522,2024-09-06 04:00:00+00:00,72463,,VNQ
899,114.86,115.15,112.67,112.83,1151034.0,113.4254,2024-09-06 04:00:00+00:00,20643,,VT
900,75.03,75.21,74.94,75.15,5040891.0,75.1084,2024-09-09 04:00:00+00:00,57069,,BND
901,544.65,547.71,542.68,546.41,40445822.0,545.1613,2024-09-09 04:00:00+00:00,458651,,SPY
902,48.87,48.89,48.86,48.89,264795.0,48.8725,2024-09-09 04:00:00+00:00,1073,,VNLA
903,94.96,96.19,94.8,96.01,2906456.0,95.7564,2024-09-09 04:00:00+00:00,35948,,VNQ
904,113.75,114.32,113.42,113.99,1132365.0,113.8665,2024-09-09 04:00:00+00:00,18764,,VT
905,75.18,75.42,75.1444,75.4,5653910.0,75.3179,2024-09-10 04:00:00+00:00,52042,,BND
906,548.36,549.15,543.38,548.79,36394579.0,547.1814,2024-09-10 04:00:00+00:00,410778,,SPY
907,48.91,48.91,48.87,48.9,333861.0,48.8944,2024-09-10 04:00:00+00:00,1034,,VNLA
908,96.29,97.435,96.03,97.4,6001007.0,96.81,2024-09-10 04:00:00+00:00,55029,,VNQ
909,114.15,114.28,113.04,114.11,2004257.0,113.9725,2024-09-10 04:00:00+00:00,16842,,VT
910,75.28,75.51,75.2339,75.36,6470950.0,75.3821,2024-09-11 04:00:00+00:00,67016,,BND
911,548.7,555.36,539.96,554.42,75248608.0,548.6751,2024-09-11 04:00:00+00:00,646260,,SPY
912,48.86,48.92,48.86,48.905,194016.0,48.9036,2024-09-11 04:00:00+00:00,828,,VNLA
913,96.52,97.32,95.42,97.21,3872127.0,96.367,2024-09-11 04:00:00+00:00,43598,,VNQ
914,114.07,115.2,112.49,115.04,1010379.0,113.5184,2024-09-11 04:00:00+00:00,15909,,VT
915,75.33,75.3899,75.19,75.28,5685918.0,75.2714,2024-09-12 04:00:00+00:00,56639,,BND
916,555.01,559.4,552.74,559.09,51892735.0,556.9487,2024-09-12 04:00:00+00:00,478029,,SPY
917,48.91,48.94,48.89,48.91,248667.0,48.9068,2024-09-12 04:00:00+00:00,1040,,VNLA
918,97.43,97.6944,96.6,97.62,2713320.0,97.2199,2024-09-12 04:00:00+00:00,32169,,VNQ
919,115.18,116.08,114.738,116.03,1141205.0,115.4191,2024-09-12 04:00:00+00:00,16915,,VT
920,75.46,75.52,75.355,75.44,4786683.0,75.4473,2024-09-13 04:00:00+00:00,45199,,BND
921,559.71,563.03,559.45,562.01,39310501.0,561.5297,2024-09-13 04:00:00+00:00,400749,,SPY
922,48.93,48.96,48.93,48.93,842999.0,48.9551,2024-09-13 04:00:00+00:00,1173,,VNLA
923,98.25,98.66,98.01,98.64,3402744.0,98.3474,2024-09-13 04:00:00+00:00,36143,,VNQ
924,116.23,116.845,116.23,116.64,1053295.0,116.5986,2024-09-13 04:00:00+00:00,16490,,VT
925,75.5,75.67,75.44,75.64,4734885.0,75.5908,2024-09-16 04:00:00+00:00,31565,,BND
926,561.74,563.11,559.9,562.84,36656122.0,561.8514,2024-09-16 04:00:00+00:00,360839,,SPY
927,48.95,48.96,48.94,48.94,763615.0,48.9511,2024-09-16 04:00:00+00:00,1041,,VNLA
928,99.05,99.405,98.65,98.97,4144534.0,99.0261,2024-09-16 04:00:00+00:00,36537,,VNQ
929,116.86,117.11,116.46,117.09,1080778.0,116.8912,2024-09-16 04:00:00+00:00,12796,,VT
930,75.64,75.66,75.5,75.54,5398434.0,75.5729,2024-09-17 04:00:00+00:00,41471,,BND
931,565.1,566.58,560.795,563.07,49320970.0,563.4779,2024-09-17 04:00:00+00:00,443173,,SPY
932,48.94,48.9705,48.94,48.95,517164.0,48.9548,2024-09-17 04:00:00+00:00,2086,,VNLA
933,99.1,99.37,98.04,98.28,2990732.0,98.6851,2024-09-17 04:00:00+00:00,36080,,VNQ
934,117.42,117.64,116.59,117.02,498596.0,117.1307,2024-09-17 04:00:00+00:00,11425,,VT
935,75.42,75.67,75.3,75.31,5695667.0,75.409,2024-09-18 04:00:00+00:00,32161,,BND
936,563.74,568.69,560.83,561.4,59044937.0,563.5234,2024-09-18 04:00:00+00:00,621397,,SPY
937,48.96,48.9712,48.94,48.94,566650.0,48.9544,2024-09-18 04:00:00+00:00,1859,,VNLA
938,98.43,99.58,98.015,98.16,5097121.0,98.3979,2024-09-18 04:00:00+00:00,52958,,VNQ
939,117.15,118.13,116.585,116.69,1042080.0,117.1106,2024-09-18 04:00:00+00:00,17092,,VT
940,75.22,75.35,75.1701,75.31,5135570.0,75.2627,2024-09-19 04:00:00+00:00,30968,,BND
941,571.01,572.88,568.08,570.98,75315470.0,569.6434,2024-09-19 04:00:00+00:00,548399,,SPY
942,48.99,48.99,48.96,48.97,398487.0,48.972,2024-09-19 04:00:00+00:00,1174,,VNLA
943,99.01,99.05,97.54,98.18,4450248.0,98.0822,2024-09-19 04:00:00+00:00,53845,,VNQ
944,118.71,119.0924,118.08,118.76,780297.0,118.7035,2024-09-19 04:00:00+00:00,13252,,VT
945,75.22,75.39,75.14,75.3,4265057.0,75.2773,2024-09-20 04:00:00+00:00,27713,,BND
946,567.84,569.31,565.17,568.25,77503110.0,567.7272,2024-09-20 04:00:00+00:00,471471,,SPY
947,48.99,49.02,48.98,49.01,385967.0,49.003,2024-09-20 04:00:00+00:00,1165,,VNLA
948,97.62,98.06,97.44,97.79,3708613.0,97.7226,2024-09-20 04:00:00+00:00,40527,,VNQ
949,117.96,118.18,117.37,117.9,1073077.0,117.835,2024-09-20 04:00:00+00:00,16013,,VT
950,75.18,75.3558,75.045,75.25,6632527.0,75.2344,2024-09-23 04:00:00+00:00,36004,,BND
951,569.34,570.3325,568.1,569.67,44116922.0,569.3264,2024-09-23 04:00:00+00:00,367490,,SPY
952,49.01,49.0299,48.99,49.0,143722.0,49.0074,2024-09-23 04:00:00+00:00,744,,VNLA
953,98.46,98.87,98.27,98.76,3320921.0,98.5524,2024-09-23 04:00:00+00:00,39591,,VNQ
954,118.21,118.46,118.03,118.28,1003943.0,118.2772,2024-09-23 04:00:00+00:00,13362,,VT
955,75.12,75.3699,75.065,75.34,5018084.0,75.2758,2024-09-24 04:00:00+00:00,28311,,BND
956,570.48,571.36,567.6,571.3,46805672.0,570.2586,2024-09-24 04:00:00+00:00,385277,,SPY
957,49.0,49.0558,49.0,49.04,428553.0,49.0378,2024-09-24 04:00:00+00:00,1261,,VNLA
958,98.37,99.18,98.045,98.9,3279061.0,98.8862,2024-09-24 04:00:00+00:00,36676,,VNQ
959,118.82,119.09,118.328,119.08,1018522.0,118.8153,2024-09-24 04:00:00+00:00,13990,,VT
960,75.23,75.23,75.06,75.06,4793082.0,75.144,2024-09-25 04:00:00+00:00,26073,,BND
961,571.14,571.89,568.91,570.04,38428587.0,570.4025,2024-09-25 04:00:00+00:00,378547,,SPY
962,49.06,49.06,49.01,49.02,509658.0,49.0228,2024-09-25 04:00:00+00:00,650,,VNLA
963,99.0,99.22,98.0217,98.24,2465964.0,98.5536,2024-09-25 04:00:00+00:00,32704,,VNQ
964,119.05,119.125,118.405,118.49,1654500.0,118.8125,2024-09-25 04:00:00+00:00,18578,,VT
965,75.14,75.1688,74.9245,75.06,4919731.0,75.044,2024-09-26 04:00:00+00:00,24146,,BND
966,574.38,574.71,569.9,572.3,48336004.0,572.0435,2024-09-26 04:00:00+00:00,403346,,SPY
967,49.06,49.06,49.02,49.02,276649.0,49.0346,2024-09-26 04:00:00+00:00,985,,VNLA
968,98.41,98.47,97.08,97.35,4776941.0,97.5726,2024-09-26 04:00:00+00:00,46030,,VNQ
969,120.13,120.18,119.45,119.96,1672582.0,119.8884,2024-09-26 04:00:00+00:00,17890,,VT
970,75.23,75.33,75.1536,75.28,3927955.0,75.2562,2024-09-27 04:00:00+00:00,21765,,BND
971,573.39,574.22,570.42,571.47,42100928.0,572.2186,2024-09-27 04:00:00+00:00,375875,,SPY
972,49.06,49.09,49.055,49.08,335694.0,49.0775,2024-09-27 04:00:00+00:00,1075,,VNLA
973,97.34,97.57,96.62,96.66,4932929.0,96.8873,2024-09-27 04:00:00+00:00,41508,,VNQ
974,120.43,120.43,119.38,119.61,1873938.0,119.9147,2024-09-27 04:00:00+00:00,20721,,VT
975,75.25,75.26,75.03,75.11,5662767.0,75.1461,2024-09-30 04:00:00+00:00,27505,,BND
976,570.42,574.38,568.08,573.76,63655448.0,572.0992,2024-09-30 04:00:00+00:00,483221,,SPY
977,49.08,49.08,49.03,49.04,174329.0,49.0495,2024-09-30 04:00:00+00:00,885,,VNLA
978,96.49,97.49,96.27,97.42,4207533.0,97.0236,2024-09-30 04:00:00+00:00,41576,,VNQ
979,119.51,119.75,118.705,119.7,892119.0,119.3638,2024-09-30 04:00:00+00:00,17700,,VT
980,75.13,75.26,75.05,75.11,6267056.0,75.1515,2024-10-01 04:00:00+00:00,31833,,BND
981,573.4,574.0622,566.0,568.62,72668778.0,568.882,2024-10-01 04:00:00+00:00,689277,,SPY
982,48.9,48.91,48.8801,48.89,225848.0,48.9027,2024-10-01 04:00:00+00:00,893,,VNLA
983,97.63,97.8,96.36,96.79,4240255.0,96.788,2024-10-01 04:00:00+00:00,50417,,VNQ
984,119.72,119.73,118.2793,118.94,1128045.0,118.9466,2024-10-01 04:00:00+00:00,19436,,VT
985,74.85,74.9999,74.77,74.97,6902546.0,74.9168,2024-10-02 04:00:00+00:00,34336,,BND
986,567.71,569.9,565.27,568.86,38097798.0,568.4798,2024-10-02 04:00:00+00:00,382904,,SPY
987,48.87,48.91,48.87,48.9,168376.0,48.9011,2024-10-02 04:00:00+00:00,574,,VNLA
988,95.99,96.54,95.75,96.45,5161758.0,96.1481,2024-10-02 04:00:00+00:00,48251,,VNQ
989,118.97,119.255,118.37,119.12,4538780.0,118.8964,2024-10-02 04:00:00+00:00,24265,,VT
990,74.83,74.85,74.64,74.64,7733860.0,74.7249,2024-10-03 04:00:00+00:00,27547,,BND
991,567.36,569.8025,565.49,567.82,40846466.0,567.3915,2024-10-03 04:00:00+00:00,414433,,SPY
992,48.89,48.9099,48.88,48.89,167829.0,48.8921,2024-10-03 04:00:00+00:00,624,,VNLA
993,96.11,96.32,95.23,95.57,2664422.0,95.5405,2024-10-03 04:00:00+00:00,38712,,VNQ
994,118.42,118.85,118.12,118.46,2657912.0,118.4075,2024-10-03 04:00:00+00:00,20883,,VT
995,74.165,74.295,74.11,74.15,5227485.0,74.1867,2024-10-04 04:00:00+00:00,30469,,BND
996,572.35,573.36,568.1,572.98,43005186.0,571.0552,2024-10-04 04:00:00+00:00,438794,,SPY
997,48.87,48.88,48.84,48.84,288862.0,48.8648,2024-10-04 04:00:00+00:00,1068,,VNLA
998,95.03,95.35,94.24,95.11,4602437.0,94.8587,2024-10-04 04:00:00+00:00,49469,,VNQ
999,119.25,119.55,118.6186,119.51,1792158.0,119.0617,2024-10-04 04:00:00+00:00,22675,,VT
1000,73.94,74.0176,73.89,73.93,7044161.0,73.9346,2024-10-07 04:00:00+00:00,36411,,BND
1001,571.3,571.9599,566.63,567.8,49964690.0,569.2944,2024-10-07 04:00:00+00:00,457719,,SPY
1002,48.86,48.8703,48.82,48.87,202110.0,48.8536,2024-10-07 04:00:00+00:00,874,,VNLA
1003,94.59,94.59,93.8396,94.27,3420384.0,94.222,2024-10-07 04:00:00+00:00,39927,,VNQ
1004,119.32,119.38,118.43,118.79,1825689.0,119.0227,2024-10-07 04:00:00+00:00,28085,,VT
1005,73.88,74.04,73.82,74.04,8642430.0,73.9692,2024-10-08 04:00:00+00:00,28871,,BND
1006,570.42,573.78,569.5299,573.17,37398693.0,571.7305,2024-10-08 04:00:00+00:00,368103,,SPY
1007,48.85,48.88,48.84,48.87,380654.0,48.8679,2024-10-08 04:00:00+00:00,1176,,VNLA
1008,94.51,94.89,94.085,94.46,3773668.0,94.3567,2024-10-08 04:00:00+00:00,43641,,VNQ
1009,118.73,119.06,118.48,118.99,1076377.0,118.7093,2024-10-08 04:00:00+00:00,15533,,VT
1010,73.94,73.94,73.8,73.84,4997940.0,73.8712,2024-10-09 04:00:00+00:00,24535,,BND
1011,573.16,577.71,572.55,577.14,37912244.0,575.8561,2024-10-09 04:00:00+00:00,380793,,SPY
1012,48.86,48.88,48.8511,48.87,220591.0,48.8675,2024-10-09 04:00:00+00:00,1049,,VNLA
1013,94.28,94.57,93.915,94.56,4120632.0,94.3742,2024-10-09 04:00:00+00:00,46979,,VNQ
1014,118.72,119.54,118.54,119.46,1305652.0,119.3026,2024-10-09 04:00:00+00:00,14943,,VT
1015,73.785,73.85,73.6245,73.81,4579208.0,73.7477,2024-10-10 04:00:00+00:00,22313,,BND
1016,575.77,577.58,574.49,576.13,44138060.0,575.9909,2024-10-10 04:00:00+00:00,384802,,SPY
1017,48.86,48.92,48.86,48.92,160371.0,48.8898,2024-10-10 04:00:00+00:00,682,,VNLA
1018,94.02,94.67,93.43,93.72,2664448.0,93.7697,2024-10-10 04:00:00+00:00,32399,,VNQ
1019,119.23,119.455,118.79,119.27,877818.0,119.176,2024-10-10 04:00:00+00:00,13414,,VT
1020,73.83,73.92,73.73,73.82,8508061.0,73.8043,2024-10-11 04:00:00+00:00,21027,,BND
1021,576.05,580.33,575.91,579.58,42267994.0,578.9191,2024-10-11 04:00:00+00:00,369983,,SPY
1022,48.96,48.99,48.9304,48.98,179748.0,48.964,2024-10-11 04:00:00+00:00,710,,VNLA
1023,94.2,94.78,94.02,94.78,2653993.0,94.5207,2024-10-11 04:00:00+00:00,33954,,VNQ
1024,119.25,120.22,119.16,120.09,1081628.0,119.9126,2024-10-11 04:00:00+00:00,13229,,VT
1025,73.6,73.77,73.58,73.77,3380218.0,73.669,2024-10-14 04:00:00+00:00,24057,,BND
1026,581.22,585.27,580.73,584.32,36217215.0,583.1559,2024-10-14 04:00:00+00:00,346478,,SPY
1027,48.97,48.97,48.95,48.96,271593.0,48.9619,2024-10-14 04:00:00+00:00,481,,VNLA
1028,94.5,95.505,94.28,95.35,2529158.0,95.2113,2024-10-14 04:00:00+00:00,36302,,VNQ
1029,120.155,120.82,120.02,120.69,775353.0,120.4661,2024-10-14 04:00:00+00:00,12443,,VT
1030,73.99,74.09,73.85,74.06,4456218.0,74.0256,2024-10-15 04:00:00+00:00,28540,,BND
1031,584.59,584.9,578.545,579.78,54203636.0,581.4785,2024-10-15 04:00:00+00:00,450436,,SPY
1032,49.01,49.01,48.97,49.0,637470.0,48.9829,2024-10-15 04:00:00+00:00,1318,,VNLA
1033,95.8,97.32,95.75,96.5,2808532.0,96.7864,2024-10-15 04:00:00+00:00,40746,,VNQ
1034,120.51,120.535,119.255,119.45,985001.0,119.8715,2024-10-15 04:00:00+00:00,15494,,VT
1035,74.14,74.235,74.11,74.16,7437810.0,74.1417,2024-10-16 04:00:00+00:00,21637,,BND
1036,579.78,582.83,578.96,582.3,30725436.0,581.1771,2024-10-16 04:00:00+00:00,327311,,SPY
1037,49.02,49.03,49.0,49.03,323003.0,49.0184,2024-10-16 04:00:00+00:00,1145,,VNLA
1038,96.73,97.685,96.55,97.56,3177340.0,97.3804,2024-10-16 04:00:00+00:00,36929,,VNQ
1039,119.74,120.14,119.58,120.04,984012.0,119.8949,2024-10-16 04:00:00+00:00,15671,,VT
1040,73.99,73.99,73.76,73.8,4250518.0,73.8237,2024-10-17 04:00:00+00:00,23021,,BND
1041,585.91,586.12,582.16,582.35,34393714.0,583.3766,2024-10-17 04:00:00+00:00,350466,,SPY
1042,49.02,49.03,49.0,49.02,420932.0,49.0084,2024-10-17 04:00:00+00:00,731,,VNLA
1043,97.18,97.29,96.5,96.79,2904098.0,96.8738,2024-10-17 04:00:00+00:00,34164,,VNQ
1044,120.56,120.6,119.97,119.98,1100769.0,120.168,2024-10-17 04:00:00+00:00,17265,,VT
1045,73.9,73.9777,73.84,73.84,3930269.0,73.9091,2024-10-18 04:00:00+00:00,21360,,BND
1046,584.07,585.39,582.58,584.59,37416801.0,584.2436,2024-10-18 04:00:00+00:00,312698,,SPY
1047,49.03,49.04,49.03,49.04,354149.0,49.0366,2024-10-18 04:00:00+00:00,807,,VNLA
1048,97.03,97.55,96.66,97.51,2080261.0,97.2801,2024-10-18 04:00:00+00:00,28466,,VNQ
1049,120.55,120.72,120.29,120.57,737855.0,120.5186,2024-10-18 04:00:00+00:00,14499,,VT
1050,73.65,73.65,73.32,73.34,5259909.0,73.439,2024-10-21 04:00:00+00:00,27794,,BND
1051,583.85,584.85,580.6001,583.63,36439010.0,582.9842,2024-10-21 04:00:00+00:00,386011,,SPY
1052,49.02,49.05,49.02,49.03,553510.0,49.0338,2024-10-21 04:00:00+00:00,1650,,VNLA
1053,97.03,97.42,95.47,95.6,4143089.0,95.8153,2024-10-21 04:00:00+00:00,42209,,VNQ
1054,120.24,120.4,119.5,119.95,877646.0,120.0299,2024-10-21 04:00:00+00:00,15339,,VT
1055,73.45,73.49,73.28,73.37,4632962.0,73.3642,2024-10-22 04:00:00+00:00,24282,,BND
1056,581.05,584.5,580.38,583.32,34183835.0,582.7262,2024-10-22 04:00:00+00:00,333521,,SPY
1057,49.02,49.065,49.02,49.06,398547.0,49.0413,2024-10-22 04:00:00+00:00,1273,,VNLA
1058,95.31,96.085,95.16,95.74,2530022.0,95.7082,2024-10-22 04:00:00+00:00,29031,,VNQ
1059,119.345,119.89,119.28,119.66,825339.0,119.5679,2024-10-22 04:00:00+00:00,12314,,VT
1060,73.36,73.3689,73.085,73.19,6429430.0,73.1805,2024-10-23 04:00:00+00:00,26478,,BND
1061,581.26,581.7086,574.415,577.99,49314574.0,578.5516,2024-10-23 04:00:00+00:00,470975,,SPY
1062,49.04,49.05,49.03,49.03,202949.0,49.0401,2024-10-23 04:00:00+00:00,743,,VNLA
1063,95.51,96.62,95.41,96.44,2710666.0,96.2499,2024-10-23 04:00:00+00:00,33973,,VNQ
1064,119.32,119.32,117.9603,118.62,1073370.0,118.6432,2024-10-23 04:00:00+00:00,16444,,VT
1065,73.28,73.44,73.1701,73.31,6219581.0,73.3311,2024-10-24 04:00:00+00:00,22713,,BND
1066,579.98,580.06,576.57,579.24,34979860.0,578.9884,2024-10-24 04:00:00+00:00,363434,,SPY
1067,49.03,49.08,49.03,49.05,459347.0,49.063,2024-10-24 04:00:00+00:00,1203,,VNLA
1068,96.56,97.25,96.475,96.65,2632316.0,96.7717,2024-10-24 04:00:00+00:00,28330,,VNQ
1069,119.09,119.09,118.4,118.93,760807.0,118.7974,2024-10-24 04:00:00+00:00,11416,,VT
1070,73.48,73.48,73.13,73.16,4641724.0,73.2976,2024-10-25 04:00:00+00:00,24122,,BND
1071,581.51,584.46,578.08,579.04,47268176.0,580.6578,2024-10-25 04:00:00+00:00,413616,,SPY
1072,49.06,49.07,49.03,49.05,508254.0,49.053,2024-10-25 04:00:00+00:00,1105,,VNLA
1073,97.31,97.61,95.71,95.74,3834839.0,96.284,2024-10-25 04:00:00+00:00,39475,,VNQ
1074,119.3,119.736,118.54,118.73,1119929.0,119.1062,2024-10-25 04:00:00+00:00,13503,,VT
1075,73.235,73.28,72.95,73.07,4582810.0,73.0638,2024-10-28 04:00:00+00:00,26169,,BND
1076,582.58,582.71,580.52,580.83,30174704.0,581.3169,2024-10-28 04:00:00+00:00,365420,,SPY
1077,49.1,49.1,49.06,49.08,337318.0,49.0721,2024-10-28 04:00:00+00:00,1354,,VNLA
1078,96.43,96.99,95.92,96.04,2296843.0,96.3002,2024-10-28 04:00:00+00:00,33162,,VNQ
1079,119.38,119.575,119.24,119.35,1504769.0,119.3985,2024-10-28 04:00:00+00:00,16370,,VT
1080,72.9,73.14,72.79,73.13,5544148.0,72.9663,2024-10-29 04:00:00+00:00,26768,,BND
1081,579.85,582.907,578.43,581.77,42899661.0,581.2889,2024-10-29 04:00:00+00:00,373273,,SPY
1082,49.08,49.1092,49.0668,49.1,256150.0,49.0869,2024-10-29 04:00:00+00:00,831,,VNLA
1083,95.74,96.15,95.04,95.35,2819569.0,95.5099,2024-10-29 04:00:00+00:00,37570,,VNQ
1084,119.09,119.4738,118.81,119.25,764077.0,119.2255,2024-10-29 04:00:00+00:00,12083,,VT
1085,73.27,73.43,73.0244,73.06,4610487.0,73.1808,2024-10-30 04:00:00+00:00,21389,,BND
1086,581.29,583.32,579.29,580.01,41435839.0,580.9763,2024-10-30 04:00:00+00:00,389130,,SPY
1087,49.07,49.1,49.06,49.06,263050.0,49.0759,2024-10-30 04:00:00+00:00,1063,,VNLA
1088,95.35,96.48,95.3,95.77,2930463.0,95.9181,2024-10-30 04:00:00+00:00,35824,,VNQ
1089,118.89,119.4297,118.6299,118.81,966285.0,119.1031,2024-10-30 04:00:00+00:00,14941,,VT
1090,72.95,73.159,72.83,73.05,6115916.0,73.0242,2024-10-31 04:00:00+00:00,25564,,BND
1091,575.56,575.63,568.44,568.64,60182451.0,571.5371,2024-10-31 04:00:00+00:00,577902,,SPY
1092,49.05,49.08,49.04,49.04,374720.0,49.067,2024-10-31 04:00:00+00:00,882,,VNLA
1093,95.0,95.58,94.09,94.15,4946656.0,94.9438,2024-10-31 04:00:00+00:00,50829,,VNQ
1094,118.14,118.14,117.025,117.09,976228.0,117.4061,2024-10-31 04:00:00+00:00,19215,,VT
1095,73.035,73.08,72.51,72.54,6409880.0,72.6824,2024-11-01 04:00:00+00:00,33819,,BND
1096,571.32,575.55,570.62,571.04,45667533.0,572.3464,2024-11-01 04:00:00+00:00,464571,,SPY
1097,48.9,48.9,48.8432,48.87,204882.0,48.8651,2024-11-01 04:00:00+00:00,834,,VNLA
1098,94.68,94.91,93.06,93.11,4835327.0,93.7833,2024-11-01 04:00:00+00:00,50263,,VNQ
1099,117.76,118.34,117.45,117.56,1508701.0,117.9287,2024-11-01 04:00:00+00:00,18391,,VT
1100,72.82,73.01,72.7001,72.83,6860229.0,72.8455,2024-11-04 05:00:00+00:00,30663,,BND
1101,571.18,572.5,567.89,569.81,38216975.0,570.393,2024-11-04 05:00:00+00:00,394247,,SPY
1102,48.88,48.9,48.88,48.88,321877.0,48.8857,2024-11-04 05:00:00+00:00,906,,VNLA
1103,93.41,94.46,93.38,94.13,3368188.0,93.939,2024-11-04 05:00:00+00:00,40391,,VNQ
1104,117.82,118.132,117.25,117.5,1424505.0,117.768,2024-11-04 05:00:00+00:00,22498,,VT
1105,72.6,73.03,72.6,73.01,6236861.0,72.7956,2024-11-05 05:00:00+00:00,24672,,BND
1106,570.74,576.74,570.52,576.7,39478322.0,574.639,2024-11-05 05:00:00+00:00,378253,,SPY
1107,48.9,48.9,48.86,48.89,280113.0,48.8756,2024-11-05 05:00:00+00:00,907,,VNLA
1108,93.61,95.43,93.39,95.38,2398308.0,94.7379,2024-11-05 05:00:00+00:00,33074,,VNQ
1109,117.85,118.92,117.8,118.92,782832.0,118.5652,2024-11-05 05:00:00+00:00,11701,,VT
1110,72.26,72.5899,72.2303,72.41,6382489.0,72.3916,2024-11-06 05:00:00+00:00,35922,,BND
1111,589.2,591.93,585.39,591.04,68181968.0,588.6259,2024-11-06 05:00:00+00:00,666095,,SPY
1112,48.91,48.915,48.8694,48.89,353902.0,48.887,2024-11-06 05:00:00+00:00,1434,,VNLA
1113,95.63,95.63,92.372739,93.35,6335351.0,93.265,2024-11-06 05:00:00+00:00,75328,,VNQ
1114,120.07,120.585,119.3,120.48,1850566.0,120.0292,2024-11-06 05:00:00+00:00,21249,,VT
1115,72.5,73.025,72.5,72.95,6590178.0,72.8533,2024-11-07 05:00:00+00:00,33757,,BND
1116,593.08,596.65,592.9999,595.61,47233212.0,594.6765,2024-11-07 05:00:00+00:00,427536,,SPY
1117,48.9,48.95,48.9,48.93,238127.0,48.919,2024-11-07 05:00:00+00:00,716,,VNLA
1118,93.8,94.75,93.54,94.47,4871450.0,94.3486,2024-11-07 05:00:00+00:00,46354,,VNQ
1119,121.28,121.97,121.23,121.75,2380936.0,121.595,2024-11-07 05:00:00+00:00,35218,,VT
1120,72.96,73.24,72.96,73.09,5398497.0,73.0636,2024-11-08 05:00:00+00:00,27144,,BND
1121,596.17,599.64,596.165,598.19,46444893.0,597.6856,2024-11-08 05:00:00+00:00,406428,,SPY
1122,48.96,48.9699,48.94,48.94,244036.0,48.9513,2024-11-08 05:00:00+00:00,751,,VNLA
1123,94.83,96.16,94.7,95.88,4093560.0,95.7295,2024-11-08 05:00:00+00:00,47650,,VNQ
1124,121.3,121.56,121.085,121.41,2177424.0,121.3213,2024-11-08 05:00:00+00:00,27559,,VT
1125,73.0,73.0,72.85,72.95,4371984.0,72.9088,2024-11-11 05:00:00+00:00,25934,,BND
1126,599.81,600.17,597.0,598.76,37586773.0,598.6842,2024-11-11 05:00:00+00:00,371847,,SPY
1127,48.98,48.98,48.91,48.92,388094.0,48.9251,2024-11-11 05:00:00+00:00,1004,,VNLA
1128,95.81,96.44,95.335,95.4,2279824.0,95.8075,2024-11-11 05:00:00+00:00,34668,,VNQ
1129,121.56,121.79,121.29,121.55,1076816.0,121.5947,2024-11-11 05:00:00+00:00,14181,,VT
1130,72.74,72.82,72.4643,72.51,7197886.0,72.6103,2024-11-12 05:00:00+00:00,29632,,BND
1131,598.68,599.29,594.37,596.9,43006128.0,597.2307,2024-11-12 05:00:00+00:00,378133,,SPY
1132,48.95,48.95,48.9,48.9,341658.0,48.932,2024-11-12 05:00:00+00:00,815,,VNLA
1133,95.05,95.46,94.065,94.08,4645889.0,94.5184,2024-11-12 05:00:00+00:00,45478,,VNQ
1134,121.08,121.22,120.04,120.58,1352716.0,120.6562,2024-11-12 05:00:00+00:00,14396,,VT
1135,72.92,72.92,72.4137,72.48,5458123.0,72.5505,2024-11-13 05:00:00+00:00,29103,,BND
1136,597.37,599.23,594.96,597.19,47388640.0,597.4024,2024-11-13 05:00:00+00:00,399844,,SPY
1137,48.94,48.9799,48.94,48.94,246185.0,48.9453,2024-11-13 05:00:00+00:00,539,,VNLA
1138,94.86,95.45,94.46,94.6,2884272.0,94.8014,2024-11-13 05:00:00+00:00,34232,,VNQ
1139,120.51,120.7299,119.95,120.33,1305918.0,120.4443,2024-11-13 05:00:00+00:00,15063,,VT
1140,72.6,72.72,72.41,72.46,6643295.0,72.5913,2024-11-14 05:00:00+00:00,32515,,BND
1141,597.32,597.81,592.65,593.35,38904109.0,594.7739,2024-11-14 05:00:00+00:00,373549,,SPY
1142,49.0,49.0,48.94,48.94,397451.0,48.9593,2024-11-14 05:00:00+00:00,1010,,VNLA
1143,94.6,94.6,93.57,93.75,3708413.0,93.9944,2024-11-14 05:00:00+00:00,38099,,VNQ
1144,120.47,120.62,119.59,119.71,1021326.0,120.1147,2024-11-14 05:00:00+00:00,13195,,VT
1145,72.34,72.66,72.2,72.48,18467423.0,72.4376,2024-11-15 05:00:00+00:00,30200,,BND
1146,589.72,590.2,583.86,585.75,75988766.0,587.4553,2024-11-15 05:00:00+00:00,538470,,SPY
1147,48.93,48.97,48.92,48.96,472543.0,48.9542,2024-11-15 05:00:00+00:00,825,,VNLA
1148,93.41,93.98,93.01,93.8,2786607.0,93.6928,2024-11-15 05:00:00+00:00,34599,,VNQ
1149,119.28,119.325,118.27,118.52,1803927.0,118.6283,2024-11-15 05:00:00+00:00,24306,,VT
1150,72.4,72.61,72.3347,72.55,4965080.0,72.4812,2024-11-18 05:00:00+00:00,31281,,BND
1151,586.22,589.49,585.34,588.15,37084081.0,587.7261,2024-11-18 05:00:00+00:00,360702,,SPY
1152,48.94,48.9948,48.94,48.97,275401.0,48.9683,2024-11-18 05:00:00+00:00,1313,,VNLA
1153,93.38,94.48,93.22,94.48,2468075.0,94.0846,2024-11-18 05:00:00+00:00,34687,,VNQ
1154,118.77,119.425,118.57,119.22,1916500.0,119.1159,2024-11-18 05:00:00+00:00,20054,,VT
1155,72.76,72.78,72.66,72.68,4900748.0,72.7185,2024-11-19 05:00:00+00:00,21391,,BND
1156,584.71,591.045,584.03,590.3,49412046.0,588.7558,2024-11-19 05:00:00+00:00,385054,,SPY
1157,48.98,49.02,48.98,48.99,259025.0,49.0019,2024-11-19 05:00:00+00:00,809,,VNLA
1158,94.23,95.165,93.78,94.94,3041993.0,94.7101,2024-11-19 05:00:00+00:00,33638,,VNQ
1159,118.48,119.667505,118.43,119.53,1369071.0,119.1793,2024-11-19 05:00:00+00:00,13032,,VT
1160,72.51,72.695,72.5019,72.6,6557788.0,72.6074,2024-11-20 05:00:00+00:00,26296,,BND
1161,590.38,590.79,584.63,590.5,50032576.0,588.4416,2024-11-20 05:00:00+00:00,436617,,SPY
1162,49.01,49.01,48.98,48.98,283371.0,48.9866,2024-11-20 05:00:00+00:00,869,,VNLA
1163,94.55,94.945,94.05,94.82,3143021.0,94.615,2024-11-20 05:00:00+00:00,40680,,VNQ
1164,119.41,119.55,118.49,119.5,1529233.0,119.0142,2024-11-20 05:00:00+00:00,16615,,VT
1165,72.595,72.74,72.5,72.56,5115656.0,72.5897,2024-11-21 05:00:00+00:00,25878,,BND
1166,593.4,595.12,587.45,593.67,46750285.0,592.3596,2024-11-21 05:00:00+00:00,450141,,SPY
1167,48.96,49.0,48.96,48.97,327400.0,48.9842,2024-11-21 05:00:00+00:00,1234,,VNLA
1168,94.84,95.805,94.45,95.52,2988836.0,95.3539,2024-11-21 05:00:00+00:00,34242,,VNQ
1169,119.89,120.29,119.145,120.07,996124.0,119.868,2024-11-21 05:00:00+00:00,15003,,VT
1170,72.62,72.67,72.52,72.59,10409497.0,72.6089,2024-11-22 05:00:00+00:00,29970,,BND
1171,593.66,596.15,593.1525,595.51,38226390.0,594.9564,2024-11-22 05:00:00+00:00,346477,,SPY
1172,49.02,49.02,48.98,48.99,321191.0,48.9955,2024-11-22 05:00:00+00:00,982,,VNLA
1173,95.84,96.42,95.83,96.24,2943673.0,96.1619,2024-11-22 05:00:00+00:00,35480,,VNQ
1174,120.05,120.675,119.96,120.59,1168736.0,120.4091,2024-11-22 05:00:00+00:00,15642,,VT
1175,73.01,73.2654,73.01,73.26,10207082.0,73.1662,2024-11-25 05:00:00+00:00,31801,,BND
1176,599.52,600.86,595.2,597.53,42441393.0,597.7632,2024-11-25 05:00:00+00:00,427181,,SPY
1177,49.02,49.0389,49.0099,49.03,200848.0,49.0187,2024-11-25 05:00:00+00:00,794,,VNLA
1178,96.8,98.06,96.8,97.58,4001242.0,97.5184,2024-11-25 05:00:00+00:00,44488,,VNQ
1179,121.43,121.66,120.68,121.1,1214410.0,121.2034,2024-11-25 05:00:00+00:00,17161,,VT
1180,73.18,73.18,72.945,73.13,5538283.0,73.0403,2024-11-26 05:00:00+00:00,26492,,BND
1181,598.8,601.33,598.07,600.65,45621288.0,599.8866,2024-11-26 05:00:00+00:00,383149,,SPY
1182,49.06,49.09,49.025,49.04,386222.0,49.0547,2024-11-26 05:00:00+00:00,1015,,VNLA
1183,97.42,98.065,97.04,97.97,2774509.0,97.6037,2024-11-26 05:00:00+00:00,32084,,VNQ
1184,121.14,121.3,120.75,121.18,1368875.0,121.0143,2024-11-26 05:00:00+00:00,14729,,VT
1185,73.21,73.42,73.21,73.33,5366871.0,73.3197,2024-11-27 05:00:00+00:00,26135,,BND
1186,600.46,600.85,597.28,598.83,34000163.0,599.0471,2024-11-27 05:00:00+00:00,332766,,SPY
1187,49.07,49.07,49.04,49.05,147420.0,49.0568,2024-11-27 05:00:00+00:00,827,,VNLA
1188,98.53,99.2,98.51,98.6,2383080.0,98.8263,2024-11-27 05:00:00+00:00,30290,,VNQ
1189,121.33,121.5,120.805,121.03,1715673.0,121.0736,2024-11-27 05:00:00+00:00,20173,,VT
1190,73.5,73.63,73.5,73.6,3870808.0,73.5784,2024-11-29 05:00:00+00:00,17434,,BND
1191,599.66,603.35,599.3805,602.55,30177351.0,601.7519,2024-11-29 05:00:00+00:00,233589,,SPY
1192,49.09,49.11,49.0721,49.11,165305.0,49.092,2024-11-29 05:00:00+00:00,328,,VNLA
1193,98.75,99.09,98.035,98.16,1922407.0,98.6234,2024-11-29 05:00:00+00:00,20681,,VNQ
1194,121.23,122.0666,121.17,121.94,616526.0,121.6836,2024-11-29 05:00:00+00:00,11027,,VT
1195,73.29,73.48,73.17,73.42,6213033.0,73.365,2024-12-02 05:00:00+00:00,35025,,BND
1196,602.97,604.32,602.47,603.63,31745989.0,603.3919,2024-12-02 05:00:00+00:00,327962,,SPY
1197,48.93,48.93,48.86,48.87,450368.0,48.905,2024-12-02 05:00:00+00:00,909,,VNLA
1198,97.66,97.74,96.465,96.73,3659547.0,96.8529,2024-12-02 05:00:00+00:00,47712,,VNQ
1199,122.1,122.339,121.79,122.2,1477978.0,122.1065,2024-12-02 05:00:00+00:00,21506,,VT
1200,73.53,73.55,73.2,73.25,6249233.0,73.3842,2024-12-03 05:00:00+00:00,32471,,BND
1201,603.39,604.16,602.341,603.91,26906629.0,603.5246,2024-12-03 05:00:00+00:00,279092,,SPY
1202,48.89,48.96,48.89,48.91,226930.0,48.922,2024-12-03 05:00:00+00:00,707,,VNLA
1203,96.82,97.106,96.185,96.24,1992610.0,96.479,2024-12-03 05:00:00+00:00,27928,,VNQ
1204,122.33,122.465,122.0454,122.4,986214.0,122.3052,2024-12-03 05:00:00+00:00,15408,,VT
1205,73.2,73.55,73.09,73.5,6769697.0,73.3895,2024-12-04 05:00:00+00:00,24796,,BND
1206,605.63,607.91,604.95,607.66,42787561.0,606.4345,2024-12-04 05:00:00+00:00,324666,,SPY
1207,48.95,48.95,48.92,48.95,239687.0,48.9419,2024-12-04 05:00:00+00:00,569,,VNLA
1208,96.34,96.34,95.474,95.98,2220340.0,95.8617,2024-12-04 05:00:00+00:00,31372,,VNQ
1209,122.68,122.955,122.525,122.9,2168992.0,122.8056,2024-12-04 05:00:00+00:00,18626,,VT
1210,73.38,73.56,73.3503,73.51,6146443.0,73.4756,2024-12-05 05:00:00+00:00,30120,,BND
1211,607.66,608.48,606.305,606.66,28762183.0,607.2645,2024-12-05 05:00:00+00:00,303780,,SPY
1212,48.95,48.98,48.92,48.93,165185.0,48.9365,2024-12-05 05:00:00+00:00,834,,VNLA
1213,95.59,95.84,95.2198,95.75,2922428.0,95.6238,2024-12-05 05:00:00+00:00,31398,,VNQ
1214,123.13,123.28,122.89,122.92,1037533.0,123.0901,2024-12-05 05:00:00+00:00,15130,,VT
1215,73.73,73.7902,73.57,73.71,4880791.0,73.6735,2024-12-06 05:00:00+00:00,25031,,BND
1216,607.44,609.07,607.02,607.81,31241549.0,607.7213,2024-12-06 05:00:00+00:00,282829,,SPY
1217,48.98,49.02,48.9625,48.99,1266678.0,48.9972,2024-12-06 05:00:00+00:00,1219,,VNLA
1218,96.01,96.33,95.19,95.61,1866153.0,95.5575,2024-12-06 05:00:00+00:00,29435,,VNQ
1219,123.2,123.36,122.91,123.07,1037481.0,123.1176,2024-12-06 05:00:00+00:00,15043,,VT
1220,73.65,73.65,73.47,73.49,5432983.0,73.5254,2024-12-09 05:00:00+00:00,26447,,BND
1221,607.69,607.86,604.08,604.68,34742738.0,605.6623,2024-12-09 05:00:00+00:00,370877,,SPY
1222,48.98,49.02,48.98,49.0,265676.0,48.9969,2024-12-09 05:00:00+00:00,1437,,VNLA
1223,95.74,96.2,95.6,95.88,2872135.0,95.8609,2024-12-09 05:00:00+00:00,36229,,VNQ
1224,123.52,123.6392,122.76,122.82,1628957.0,123.209,2024-12-09 05:00:00+00:00,19002,,VT
1225,73.38,73.4699,73.3246,73.41,5751914.0,73.4028,2024-12-10 05:00:00+00:00,22531,,BND
1226,605.37,605.8,602.13,602.8,37234515.0,603.7741,2024-12-10 05:00:00+00:00,337427,,SPY
1227,48.98,49.04,48.98,49.02,203559.0,49.0242,2024-12-10 05:00:00+00:00,974,,VNLA
1228,95.76,95.765,94.19,94.49,2902206.0,94.8131,2024-12-10 05:00:00+00:00,39806,,VNQ
1229,122.75,122.75,121.985,122.04,1122538.0,122.3687,2024-12-10 05:00:00+00:00,17941,,VT
1230,73.59,73.5913,73.2242,73.25,4642930.0,73.3584,2024-12-11 05:00:00+00:00,22699,,BND
1231,605.78,608.435,605.5,607.46,28677723.0,607.1449,2024-12-11 05:00:00+00:00,305494,,SPY
1232,49.07,49.07,49.04,49.04,589485.0,49.0545,2024-12-11 05:00:00+00:00,1130,,VNLA
1233,94.53,94.98,94.01,94.27,4295027.0,94.3261,2024-12-11 05:00:00+00:00,46978,,VNQ
1234,122.71,123.1,122.57,122.97,1061746.0,122.8812,2024-12-11 05:00:00+00:00,12566,,VT
1235,73.01,73.21,72.9301,72.96,6880556.0,73.0523,2024-12-12 05:00:00+00:00,24850,,BND
1236,606.58,607.16,604.33,604.33,31543812.0,605.6402,2024-12-12 05:00:00+00:00,315220,,SPY
1237,49.01,49.03,49.0,49.0,369767.0,49.0122,2024-12-12 05:00:00+00:00,929,,VNLA
1238,94.03,95.13,94.03,94.12,2255224.0,94.5263,2024-12-12 05:00:00+00:00,29515,,VNQ
1239,122.64,122.695,122.13,122.14,1173765.0,122.4839,2024-12-12 05:00:00+00:00,15044,,VT
1240,72.91,72.91,72.64,72.67,5171363.0,72.7397,2024-12-13 05:00:00+00:00,23690,,BND
1241,606.4,607.13,602.81,604.21,35904730.0,604.4399,2024-12-13 05:00:00+00:00,348259,,SPY
1242,49.02,49.04,49.01,49.03,474265.0,49.0373,2024-12-13 05:00:00+00:00,1528,,VNLA
1243,93.99,94.1851,93.59,93.85,2796345.0,93.8448,2024-12-13 05:00:00+00:00,36641,,VNQ
1244,122.44,122.4821,121.71,122.0,1158634.0,122.1218,2024-12-13 05:00:00+00:00,14215,,VT
1245,72.75,72.889,72.65,72.75,7871304.0,72.7203,2024-12-16 05:00:00+00:00,35139,,BND
1246,606.0,607.7795,605.21,606.79,43695179.0,606.7216,2024-12-16 05:00:00+00:00,367580,,SPY
1247,49.03,49.05,49.02,49.03,171486.0,49.0272,2024-12-16 05:00:00+00:00,952,,VNLA
1248,93.8,94.58,93.45,93.52,3645006.0,94.1497,2024-12-16 05:00:00+00:00,41292,,VNQ
1249,122.08,122.42,121.9618,122.16,1635020.0,122.2265,2024-12-16 05:00:00+00:00,23105,,VT
1250,72.74,72.84,72.71,72.76,6084864.0,72.7716,2024-12-17 05:00:00+00:00,26339,,BND
1251,604.19,605.17,602.885,604.29,55773545.0,604.3797,2024-12-17 05:00:00+00:00,425292,,SPY
1252,49.0,49.06,49.0,49.04,445986.0,49.0488,2024-12-17 05:00:00+00:00,1493,,VNLA
1253,93.14,93.83,92.83,93.07,3020525.0,93.3694,2024-12-17 05:00:00+00:00,39113,,VNQ
1254,121.85,121.85,121.43,121.65,1776537.0,121.6659,2024-12-17 05:00:00+00:00,17483,,VT
1255,72.76,72.82,72.18,72.19,7962662.0,72.5777,2024-12-18 05:00:00+00:00,30939,,BND
1256,603.98,606.405,585.89,586.28,108248729.0,594.9972,2024-12-18 05:00:00+00:00,772894,,SPY
1257,49.05,49.05,48.99,49.01,449455.0,49.0308,2024-12-18 05:00:00+00:00,1674,,VNLA
1258,92.83,93.27,89.21,89.23,5409773.0,91.0599,2024-12-18 05:00:00+00:00,66244,,VNQ
1259,121.6,121.91,118.015,118.06,1985525.0,120.5825,2024-12-18 05:00:00+00:00,23878,,VT
1260,72.04,72.12,71.88,71.99,7672820.0,72.0067,2024-12-19 05:00:00+00:00,40538,,BND
1261,591.36,593.0,585.85,586.1,85919452.0,588.217,2024-12-19 05:00:00+00:00,702101,,SPY
1262,49.05,49.06,49.04,49.05,333472.0,49.0465,2024-12-19 05:00:00+00:00,843,,VNLA
1263,89.47,90.15,87.79,87.85,5404413.0,88.8563,2024-12-19 05:00:00+00:00,67036,,VNQ
1264,119.05,119.31,118.025,118.04,2016594.0,118.5802,2024-12-19 05:00:00+00:00,27360,,VT
1265,72.3,72.405,72.19,72.21,6696387.0,72.2732,2024-12-20 05:00:00+00:00,30504,,BND
1266,581.77,595.75,580.91,591.15,125716674.0,589.0173,2024-12-20 05:00:00+00:00,772177,,SPY
1267,49.08,49.08,49.06,49.08,392880.0,49.0742,2024-12-20 05:00:00+00:00,1206,,VNLA
1268,87.85,90.34,87.85,89.33,7622510.0,89.5253,2024-12-20 05:00:00+00:00,73139,,VNQ
1269,116.56,118.97,116.3901,118.11,2673804.0,117.9511,2024-12-20 05:00:00+00:00,24675,,VT
1270,72.13,72.21,71.943506,71.98,7605461.0,72.0358,2024-12-23 05:00:00+00:00,36168,,BND
1271,590.89,595.3,587.661,594.69,57635828.0,592.8739,2024-12-23 05:00:00+00:00,450949,,SPY
1272,48.86,48.86,48.83,48.83,690072.0,48.8434,2024-12-23 05:00:00+00:00,1411,,VNLA
1273,88.18,88.925,87.84,88.82,4548927.0,88.5092,2024-12-23 05:00:00+00:00,58322,,VNQ
1274,118.1,118.845,117.53,118.76,1931590.0,118.2681,2024-12-23 05:00:00+00:00,28613,,VT
1275,71.6501,71.85,71.62,71.85,4185260.0,71.6978,2024-12-24 05:00:00+00:00,17181,,BND
1276,596.06,601.34,595.47,601.3,33160097.0,599.3106,2024-12-24 05:00:00+00:00,235911,,SPY
1277,48.85,48.855,48.83,48.85,132590.0,48.8395,2024-12-24 05:00:00+00:00,403,,VNLA
1278,88.55,89.51,88.51,89.41,2182639.0,88.9831,2024-12-24 05:00:00+00:00,22237,,VNQ
1279,118.94,119.7334,118.81,119.7,1222641.0,119.3001,2024-12-24 05:00:00+00:00,10220,,VT
1280,71.63,71.92,71.63,71.9,8714524.0,71.8061,2024-12-26 05:00:00+00:00,31871,,BND
1281,599.5,602.48,598.0825,601.34,41338891.0,601.1004,2024-12-26 05:00:00+00:00,306002,,SPY
1282,48.82,48.86,48.82,48.83,170642.0,48.8463,2024-12-26 05:00:00+00:00,808,,VNLA
1283,89.17,89.74,88.73,89.65,2577456.0,89.53,2024-12-26 05:00:00+00:00,31571,,VNQ
1284,119.55,120.037565,119.29,119.84,944503.0,119.7513,2024-12-26 05:00:00+00:00,16682,,VT
1285,71.89,71.929,71.74,71.75,9019079.0,71.8411,2024-12-27 05:00:00+00:00,27854,,BND
1286,597.54,597.7761,590.7647,595.01,64969310.0,594.6446,2024-12-27 05:00:00+00:00,497465,,SPY
1287,48.86,48.86,48.79,48.82,1310044.0,48.8206,2024-12-27 05:00:00+00:00,5163,,VNLA
1288,89.12,89.77,88.495,88.75,3816756.0,88.9732,2024-12-27 05:00:00+00:00,44122,,VNQ
1289,119.23,119.37,118.24,118.9,1588005.0,118.7556,2024-12-27 05:00:00+00:00,22592,,VT
1290,71.9,72.0799,71.9,72.03,8054495.0,72.0204,2024-12-30 05:00:00+00:00,33152,,BND
1291,587.89,591.74,584.41,588.22,56578757.0,588.8551,2024-12-30 05:00:00+00:00,501195,,SPY
1292,48.89,48.89,48.8433,48.86,504085.0,48.8623,2024-12-30 05:00:00+00:00,1655,,VNLA
1293,88.42,88.555,87.44,88.31,4402433.0,88.0508,2024-12-30 05:00:00+00:00,50797,,VNQ
1294,117.77,118.33,117.11,117.75,2054628.0,117.7855,2024-12-30 05:00:00+00:00,35272,,VT
1295,72.09,72.17,71.875,71.91,8724265.0,71.9793,2024-12-31 05:00:00+00:00,29521,,BND
1296,589.905,590.6399,584.42,586.08,57052654.0,586.7143,2024-12-31 05:00:00+00:00,479945,,SPY
1297,48.89,48.91,48.89,48.91,305903.0,48.9001,2024-12-31 05:00:00+00:00,1111,,VNLA
1298,88.97,89.29,88.28,89.08,5045102.0,88.8233,2024-12-31 05:00:00+00:00,49160,,VNQ
1299,118.14,118.255,117.205,117.48,1821395.0,117.6709,2024-12-31 05:00:00+00:00,24183,,VT
1300,72.19,72.19,71.85,71.94,8055702.0,71.9843,2025-01-02 05:00:00+00:00,43504,,BND
1301,589.39,591.13,580.5,584.64,50203975.0,585.2169,2025-01-02 05:00:00+00:00,603951,,SPY
1302,48.9,48.95,48.9,48.92,455973.0,48.9273,2025-01-02 05:00:00+00:00,1163,,VNLA
1303,89.09,89.27,88.01,88.29,5296210.0,88.6411,2025-01-02 05:00:00+00:00,61280,,VNQ
1304,117.98,118.32,116.615,117.24,2520826.0,117.4105,2025-01-02 05:00:00+00:00,34437,,VT
1305,71.97,72.063,71.83,71.85,6857104.0,71.9418,2025-01-03 05:00:00+00:00,36137,,BND
1306,587.53,592.6,586.43,591.95,37888459.0,590.2761,2025-01-03 05:00:00+00:00,427267,,SPY
1307,48.91,48.921,48.9,48.9,368920.0,48.9054,2025-01-03 05:00:00+00:00,900,,VNLA
1308,88.5,89.5399,88.22,89.45,3470005.0,89.1437,2025-01-03 05:00:00+00:00,42082,,VNQ
1309,117.82,118.569,117.5,118.45,1595812.0,118.1082,2025-01-03 05:00:00+00:00,22707,,VT
1310,71.78,71.88,71.7,71.78,5375718.0,71.7773,2025-01-06 05:00:00+00:00,30580,,BND
1311,596.27,599.7,593.6,595.36,47679442.0,596.1409,2025-01-06 05:00:00+00:00,468834,,SPY
1312,48.91,48.92,48.9,48.9,260671.0,48.9105,2025-01-06 05:00:00+00:00,738,,VNLA
1313,89.33,89.72,88.155,88.3,4206849.0,88.9889,2025-01-06 05:00:00+00:00,51324,,VNQ
1314,119.07,119.995,118.93,119.18,1640838.0,119.5051,2025-01-06 05:00:00+00:00,23255,,VT
1315,71.725,71.765,71.44,71.53,7875935.0,71.5411,2025-01-07 05:00:00+00:00,40431,,BND
1316,597.42,597.75,586.78,588.63,60393052.0,590.8864,2025-01-07 05:00:00+00:00,489809,,SPY
1317,48.89,48.93,48.88,48.91,876176.0,48.9008,2025-01-07 05:00:00+00:00,1348,,VNLA
1318,88.68,88.99,87.225,87.46,5679386.0,87.8159,2025-01-07 05:00:00+00:00,65023,,VNQ
1319,119.71,119.7574,117.83,118.01,6187650.0,118.2668,2025-01-07 05:00:00+00:00,33767,,VT
1320,71.48,71.6599,71.4499,71.61,5844375.0,71.5638,2025-01-08 05:00:00+00:00,27249,,BND
1321,588.7,590.5799,585.195,589.49,47304672.0,588.3646,2025-01-08 05:00:00+00:00,432460,,SPY
1322,48.9,48.94,48.9,48.91,354817.0,48.9208,2025-01-08 05:00:00+00:00,995,,VNLA
1323,87.45,87.76,86.609,87.69,5250673.0,87.4185,2025-01-08 05:00:00+00:00,50684,,VNQ
1324,117.9,118.25,117.32,118.05,5568672.0,117.9372,2025-01-08 05:00:00+00:00,34915,,VT
1325,71.74,71.74,71.18,71.24,9602447.0,71.2773,2025-01-10 05:00:00+00:00,37250,,BND
1326,585.88,585.95,578.55,580.49,73105046.0,581.9836,2025-01-10 05:00:00+00:00,720924,,SPY
1327,48.9,48.93,48.89,48.89,351289.0,48.9014,2025-01-10 05:00:00+00:00,1217,,VNLA
1328,86.31,86.52,85.48,85.55,10056566.0,85.9859,2025-01-10 05:00:00+00:00,73637,,VNQ
1329,117.29,117.29,115.88,116.16,5313832.0,116.2977,2025-01-10 05:00:00+00:00,43939,,VT
1330,71.24,71.25,71.1023,71.17,11856578.0,71.1786,2025-01-13 05:00:00+00:00,42947,,BND
1331,575.77,581.75,575.35,581.39,47910060.0,579.1379,2025-01-13 05:00:00+00:00,505933,,SPY
1332,48.89,48.93,48.89,48.91,344442.0,48.9175,2025-01-13 05:00:00+00:00,1212,,VNLA
1333,85.48,86.68,85.28,86.6,3740423.0,85.917,2025-01-13 05:00:00+00:00,49050,,VNQ
1334,115.23,116.24,115.1372,116.2,4233288.0,115.8852,2025-01-13 05:00:00+00:00,27946,,VT
1335,71.15,71.2452,71.11,71.22,5165979.0,71.1758,2025-01-14 05:00:00+00:00,26893,,BND
1336,584.36,585.0,578.35,582.19,48420580.0,581.8863,2025-01-14 05:00:00+00:00,473554,,SPY
1337,48.93,48.93,48.91,48.92,248018.0,48.9218,2025-01-14 05:00:00+00:00,773,,VNLA
1338,86.97,87.58,86.752,87.39,3829918.0,87.2591,2025-01-14 05:00:00+00:00,43140,,VNQ
1339,116.84,116.99,115.945,116.6,1523008.0,116.53,2025-01-14 05:00:00+00:00,20463,,VT
1340,71.6,71.875,71.6,71.79,5867884.0,71.7764,2025-01-15 05:00:00+00:00,28364,,BND
1341,590.325,593.94,589.195,592.78,56900159.0,591.4167,2025-01-15 05:00:00+00:00,488787,,SPY
1342,48.93,48.96,48.92,48.95,816868.0,48.9386,2025-01-15 05:00:00+00:00,1347,,VNLA
1343,89.79,89.87,87.835,87.89,3886792.0,88.4813,2025-01-15 05:00:00+00:00,44944,,VNQ
1344,118.26,118.665,117.93,118.38,4747532.0,118.4173,2025-01-15 05:00:00+00:00,31609,,VT
1345,71.7,72.03,71.64,71.93,8494105.0,71.9124,2025-01-16 05:00:00+00:00,31444,,BND
1346,594.175,594.35,590.93,591.64,43319662.0,592.4632,2025-01-16 05:00:00+00:00,409216,,SPY
1347,48.93,48.95,48.89,48.92,524641.0,48.9269,2025-01-16 05:00:00+00:00,1683,,VNLA
1348,88.09,89.8,87.81,89.71,4112753.0,89.1845,2025-01-16 05:00:00+00:00,49751,,VNQ
1349,118.68,118.902,118.22,118.49,4770394.0,118.56,2025-01-16 05:00:00+00:00,26624,,VT
1350,72.1,72.1,71.91,71.95,5600397.0,71.9792,2025-01-17 05:00:00+00:00,29113,,BND
1351,596.96,599.36,595.61,597.58,58070628.0,597.5292,2025-01-17 05:00:00+00:00,420955,,SPY
1352,48.96,48.97,48.94,48.97,254675.0,48.9557,2025-01-17 05:00:00+00:00,720,,VNLA
1353,89.97,90.26,89.65,89.65,3672448.0,89.9849,2025-01-17 05:00:00+00:00,45386,,VNQ
1354,119.39,119.795,119.2624,119.48,1390824.0,119.5727,2025-01-17 05:00:00+00:00,17806,,VT
1355,72.21,72.21,72.0725,72.16,8491622.0,72.1268,2025-01-21 05:00:00+00:00,30196,,BND
1356,600.67,603.06,598.67,603.05,42532853.0,601.4482,2025-01-21 05:00:00+00:00,429380,,SPY
1357,49.0,49.0,48.98,48.98,534717.0,48.987,2025-01-21 05:00:00+00:00,1078,,VNLA
1358,90.1,91.39,90.02,91.33,3635099.0,91.0295,2025-01-21 05:00:00+00:00,48618,,VNQ
1359,120.4,120.96,120.06,120.93,2170883.0,120.6512,2025-01-21 05:00:00+00:00,22880,,VT
1360,72.15,72.2,71.97,72.01,6616809.0,72.0452,2025-01-22 05:00:00+00:00,28377,,BND
1361,605.92,607.82,605.36,606.44,48195973.0,606.4754,2025-01-22 05:00:00+00:00,367155,,SPY
1362,48.99,49.0,48.97,48.98,586250.0,48.9798,2025-01-22 05:00:00+00:00,1482,,VNLA
1363,91.06,91.06,89.68,89.74,2966307.0,90.152,2025-01-22 05:00:00+00:00,38090,,VNQ
1364,121.38,121.55,121.21,121.24,1517168.0,121.3648,2025-01-22 05:00:00+00:00,15918,,VT
1365,72.0,72.0,71.8,71.9,7529793.0,71.8829,2025-01-23 05:00:00+00:00,27036,,BND
1366,605.8,609.75,605.52,609.75,41152102.0,608.024,2025-01-23 05:00:00+00:00,330491,,SPY
1367,49.0,49.02,48.995,49.0,444208.0,49.0084,2025-01-23 05:00:00+00:00,1124,,VNLA
1368,89.89,90.415,89.05,90.4,2706853.0,89.9723,2025-01-23 05:00:00+00:00,30961,,VNQ
1369,121.22,121.91,121.12,121.89,1363079.0,121.5258,2025-01-23 05:00:00+00:00,15498,,VT
1370,72.0,72.0943,71.8696,72.04,5555722.0,72.0167,2025-01-24 05:00:00+00:00,27555,,BND
1371,609.81,610.78,606.8,607.97,34604693.0,608.5094,2025-01-24 05:00:00+00:00,360925,,SPY
1372,49.01,49.03,49.01,49.03,357218.0,49.0237,2025-01-24 05:00:00+00:00,1893,,VNLA
1373,90.08,91.286341,90.04,90.71,3267442.0,90.7851,2025-01-24 05:00:00+00:00,37763,,VNQ
1374,122.1,122.3521,121.735,121.9,1365710.0,121.9717,2025-01-24 05:00:00+00:00,16404,,VT
1375,72.34,72.44,72.26,72.42,8621175.0,72.35,2025-01-27 05:00:00+00:00,33042,,BND
1376,594.81,599.69,594.64,599.37,70361125.0,598.6762,2025-01-27 05:00:00+00:00,685466,,SPY
1377,49.04,49.0589,49.04,49.05,295948.0,49.0484,2025-01-27 05:00:00+00:00,1327,,VNLA
1378,90.7,91.945,90.59,91.92,4107784.0,91.387,2025-01-27 05:00:00+00:00,49362,,VNQ
1379,119.98,120.665,119.83,120.51,2418607.0,120.2649,2025-01-27 05:00:00+00:00,32475,,VT
1380,72.39,72.39,72.21,72.38,4424518.0,72.3003,2025-01-28 05:00:00+00:00,22369,,BND
1381,600.62,605.37,597.25,604.52,44433322.0,602.7245,2025-01-28 05:00:00+00:00,419856,,SPY
1382,49.06,49.06,49.04,49.04,590941.0,49.0479,2025-01-28 05:00:00+00:00,1188,,VNLA
1383,91.65,91.65,90.59,90.81,2373807.0,90.9857,2025-01-28 05:00:00+00:00,34251,,VNQ
1384,120.74,121.44,120.17,121.29,1776500.0,120.9622,2025-01-28 05:00:00+00:00,18842,,VT
1385,72.43,72.49,72.17,72.34,5780349.0,72.3634,2025-01-29 05:00:00+00:00,25659,,BND
1386,603.72,604.13,599.22,601.81,37177429.0,602.0794,2025-01-29 05:00:00+00:00,426224,,SPY
1387,49.09,49.09,49.05,49.07,280000.0,49.0649,2025-01-29 05:00:00+00:00,865,,VNLA
1388,90.84,91.08,89.175,89.61,2820294.0,89.9316,2025-01-29 05:00:00+00:00,35957,,VNQ
1389,121.24,121.4,120.48,120.92,1473680.0,121.0259,2025-01-29 05:00:00+00:00,21647,,VT
1390,72.46,72.53,72.38,72.44,5622434.0,72.4485,2025-01-30 05:00:00+00:00,22502,,BND
1391,603.96,606.6,600.715,605.04,39281255.0,604.0562,2025-01-30 05:00:00+00:00,419933,,SPY
1392,49.08,49.08,49.07,49.07,217952.0,49.0765,2025-01-30 05:00:00+00:00,973,,VNLA
1393,90.68,91.52,90.02,90.75,3485111.0,90.9754,2025-01-30 05:00:00+00:00,37708,,VNQ
1394,121.58,122.365,121.385,121.94,1476564.0,121.8938,2025-01-30 05:00:00+00:00,17107,,VT
1395,72.48,72.54,72.2,72.34,6738335.0,72.4044,2025-01-31 05:00:00+00:00,26544,,BND
1396,607.5,609.96,601.05,601.82,66671471.0,604.5232,2025-01-31 05:00:00+00:00,591698,,SPY
1397,49.11,49.12,49.1,49.11,269145.0,49.114,2025-01-31 05:00:00+00:00,1250,,VNLA
1398,90.51,91.43,90.295,90.55,2566459.0,90.7671,2025-01-31 05:00:00+00:00,41073,,VNQ
1399,122.24,122.66,120.975,121.07,6054233.0,121.3743,2025-01-31 05:00:00+00:00,34732,,VT
1400,72.23,72.425,72.0616,72.17,7163803.0,72.2156,2025-02-03 05:00:00+00:00,40247,,BND
1401,592.67,600.29,590.49,597.77,65857248.0,596.8126,2025-02-03 05:00:00+00:00,732165,,SPY
1402,48.99,48.99,48.97,48.98,289820.0,48.9747,2025-02-03 05:00:00+00:00,878,,VNLA
1403,89.75,90.71,88.92,90.36,5187715.0,90.0853,2025-02-03 05:00:00+00:00,57507,,VNQ
1404,119.22,120.565,118.815,120.12,2300296.0,119.9745,2025-02-03 05:00:00+00:00,37084,,VT
1405,72.04,72.29,71.9701,72.27,7296233.0,72.1814,2025-02-04 05:00:00+00:00,28114,,BND
1406,597.83,602.3,597.28,601.78,33457815.0,600.608,2025-02-04 05:00:00+00:00,381974,,SPY
1407,48.96,49.01,48.96,49.0,574501.0,48.9893,2025-02-04 05:00:00+00:00,1657,,VNLA
1408,89.81,90.635,89.5,90.43,3371536.0,90.2511,2025-02-04 05:00:00+00:00,37786,,VNQ
1409,120.45,121.3394,120.3613,121.24,2286023.0,121.1016,2025-02-04 05:00:00+00:00,20007,,VT
1410,72.52,72.76,72.5,72.64,8981687.0,72.6592,2025-02-05 05:00:00+00:00,28535,,BND
1411,600.64,604.37,598.58,604.22,30653149.0,602.3664,2025-02-05 05:00:00+00:00,358145,,SPY
1412,49.02,49.03,49.01,49.03,403781.0,49.0212,2025-02-05 05:00:00+00:00,1164,,VNLA
1413,91.28,91.895,90.47,91.7,3310438.0,91.3827,2025-02-05 05:00:00+00:00,31518,,VNQ
1414,121.34,121.89,120.92,121.88,3403941.0,121.5293,2025-02-05 05:00:00+00:00,23769,,VT
1415,72.56,72.65,72.48,72.56,5722073.0,72.5766,2025-02-06 05:00:00+00:00,25540,,BND
1416,605.99,606.4525,602.63,606.32,35771503.0,605.3225,2025-02-06 05:00:00+00:00,351828,,SPY
1417,48.98,49.04,48.98,49.0,289197.0,49.0259,2025-02-06 05:00:00+00:00,1223,,VNLA
1418,92.21,92.21,91.34,91.93,3468697.0,91.719,2025-02-06 05:00:00+00:00,36262,,VNQ
1419,122.24,122.3,121.6726,122.28,1263362.0,122.1225,2025-02-06 05:00:00+00:00,17244,,VT
1420,72.39,72.44,72.2743,72.34,6415636.0,72.3598,2025-02-07 05:00:00+00:00,26260,,BND
1421,606.89,608.13,600.05,600.77,50788516.0,602.8969,2025-02-07 05:00:00+00:00,563117,,SPY
1422,49.03,49.0399,48.995,49.01,200361.0,49.0127,2025-02-07 05:00:00+00:00,783,,VNLA
1423,92.1,92.155,91.1,91.63,2516260.0,91.5662,2025-02-07 05:00:00+00:00,35044,,VNQ
1424,122.5,122.71,121.1901,121.29,1671461.0,121.6924,2025-02-07 05:00:00+00:00,26332,,VT
1425,72.45,72.51,72.32,72.36,5439533.0,72.4109,2025-02-10 05:00:00+00:00,27713,,BND
1426,604.03,605.4999,602.74,604.85,26048714.0,604.2397,2025-02-10 05:00:00+00:00,393995,,SPY
1427,49.03,49.05,49.02,49.04,181455.0,49.0366,2025-02-10 05:00:00+00:00,569,,VNLA
1428,91.79,91.835,90.9,91.59,2195458.0,91.4945,2025-02-10 05:00:00+00:00,30967,,VNQ
1429,122.0,122.22,121.77,122.09,1750713.0,122.0709,2025-02-10 05:00:00+00:00,18609,,VT
1430,72.31,72.31,72.18,72.24,6871183.0,72.2287,2025-02-11 05:00:00+00:00,26274,,BND
1431,602.55,605.86,602.43,605.31,30056740.0,604.5604,2025-02-11 05:00:00+00:00,408321,,SPY
1432,49.04,49.04,49.01,49.01,439310.0,49.0176,2025-02-11 05:00:00+00:00,979,,VNLA
1433,91.18,92.03,91.09,91.99,2260086.0,91.6545,2025-02-11 05:00:00+00:00,31421,,VNQ
1434,121.7,122.3,121.68,122.16,1484942.0,121.988,2025-02-11 05:00:00+00:00,18518,,VT
1435,71.925,71.99,71.75,71.87,5279616.0,71.8532,2025-02-12 05:00:00+00:00,25693,,BND
1436,599.2,604.55,598.51,603.36,45076076.0,601.9544,2025-02-12 05:00:00+00:00,435863,,SPY
1437,49.0,49.02,48.99,49.01,301939.0,49.0071,2025-02-12 05:00:00+00:00,1162,,VNLA
1438,90.15,91.43,90.011,91.14,4747188.0,91.0744,2025-02-12 05:00:00+00:00,48600,,VNQ
1439,121.18,122.29,120.97,122.04,1819599.0,121.7922,2025-02-12 05:00:00+00:00,20854,,VT
1440,72.16,72.37,72.07,72.3,6452940.0,72.2642,2025-02-13 05:00:00+00:00,21856,,BND
1441,604.48,609.94,603.2,609.73,40921297.0,607.458,2025-02-13 05:00:00+00:00,426318,,SPY
1442,49.02,49.06,49.02,49.05,388725.0,49.0467,2025-02-13 05:00:00+00:00,1089,,VNLA
1443,91.0,92.21,90.81,92.05,3734333.0,91.6645,2025-02-13 05:00:00+00:00,37925,,VNQ
1444,122.28,123.38,122.145,123.36,1604966.0,122.6999,2025-02-13 05:00:00+00:00,15881,,VT
1445,72.46,72.68,72.46,72.53,6131695.0,72.5718,2025-02-14 05:00:00+00:00,27057,,BND
1446,609.94,610.99,609.07,609.7,26910448.0,610.0263,2025-02-14 05:00:00+00:00,330615,,SPY
1447,49.09,49.09,49.04,49.06,223491.0,49.0683,2025-02-14 05:00:00+00:00,665,,VNLA
1448,92.28,92.69,91.61,91.63,2344320.0,92.1412,2025-02-14 05:00:00+00:00,31032,,VNQ
1449,123.58,123.74,123.33,123.49,1448843.0,123.5404,2025-02-14 05:00:00+00:00,17754,,VT
1450,72.345,72.45,72.25,72.26,7151704.0,72.3588,2025-02-18 05:00:00+00:00,35682,,BND
1451,610.88,611.49,608.38,611.49,26749030.0,610.1853,2025-02-18 05:00:00+00:00,364168,,SPY
1452,49.07,49.07,49.05,49.06,195155.0,49.0563,2025-02-18 05:00:00+00:00,971,,VNLA
1453,91.49,92.355,91.37,92.04,2500713.0,91.8805,2025-02-18 05:00:00+00:00,31815,,VNQ
1454,123.84,123.98,123.52,123.97,2276591.0,123.783,2025-02-18 05:00:00+00:00,29335,,VT
1455,72.285,72.39,72.2149,72.36,4720798.0,72.2946,2025-02-19 05:00:00+00:00,28859,,BND
1456,610.08,613.23,609.56,612.93,31011072.0,611.643,2025-02-19 05:00:00+00:00,334371,,SPY
1457,49.08,49.09,49.06,49.08,261434.0,49.0712,2025-02-19 05:00:00+00:00,1116,,VNLA
1458,91.64,92.34,91.45,92.11,2339180.0,91.9417,2025-02-19 05:00:00+00:00,28236,,VNQ
1459,123.51,123.88,123.3299,123.82,1587884.0,123.6049,2025-02-19 05:00:00+00:00,28122,,VT
1460,72.46,72.5,72.42,72.45,6199049.0,72.4633,2025-02-20 05:00:00+00:00,26930,,BND
1461,611.54,611.684,607.02,610.38,36554002.0,609.4303,2025-02-20 05:00:00+00:00,388456,,SPY
1462,49.05,49.09,49.05,49.07,190706.0,49.0789,2025-02-20 05:00:00+00:00,846,,VNLA
1463,92.04,92.66,91.59,92.55,2920040.0,92.2643,2025-02-20 05:00:00+00:00,27734,,VNQ
1464,123.8,123.85,123.03,123.65,1296462.0,123.396,2025-02-20 05:00:00+00:00,18194,,VT
1465,72.535,72.86,72.53,72.765,4460631.0,72.725,2025-02-21 05:00:00+00:00,24086,,BND
1466,610.16,610.3,599.47,599.94,76519818.0,603.6783,2025-02-21 05:00:00+00:00,628050,,SPY
1467,49.12,49.13,49.1001,49.12,209312.0,49.1204,2025-02-21 05:00:00+00:00,697,,VNLA
1468,92.715,92.77,91.1033,91.64,2534668.0,91.7856,2025-02-21 05:00:00+00:00,31198,,VNQ
1469,123.71,123.73,121.72,121.91,1779291.0,122.6722,2025-02-21 05:00:00+00:00,27836,,VT
1470,72.7,72.92,72.69,72.87,5580117.0,72.8522,2025-02-24 05:00:00+00:00,28031,,BND
1471,602.02,603.03,596.49,597.21,50737213.0,599.0337,2025-02-24 05:00:00+00:00,600743,,SPY
1472,49.14,49.14,49.12,49.13,510028.0,49.1336,2025-02-24 05:00:00+00:00,801,,VNLA
1473,91.77,92.58,91.365,92.0,3258753.0,92.1381,2025-02-24 05:00:00+00:00,36705,,VNQ
1474,122.19,122.3,121.09,121.31,1688569.0,121.7603,2025-02-24 05:00:00+00:00,25666,,VT
1475,73.11,73.33,73.05,73.33,4835591.0,73.2736,2025-02-25 05:00:00+00:00,28389,,BND
1476,597.15,597.89,589.56,594.24,58266472.0,594.098,2025-02-25 05:00:00+00:00,712191,,SPY
1477,49.19,49.19,49.15,49.16,241027.0,49.1583,2025-02-25 05:00:00+00:00,1005,,VNLA
1478,92.26,93.55,92.26,93.13,4329449.0,93.15,2025-02-25 05:00:00+00:00,46675,,VNQ
1479,121.67,121.85,120.33,121.17,1682209.0,121.1173,2025-02-25 05:00:00+00:00,27984,,VT
1480,73.31,73.48,73.2133,73.44,5825665.0,73.3567,2025-02-26 05:00:00+00:00,23384,,BND
1481,595.93,599.58,591.8556,594.54,43321578.0,595.5992,2025-02-26 05:00:00+00:00,638726,,SPY
1482,49.16,49.17,49.14,49.16,384758.0,49.1567,2025-02-26 05:00:00+00:00,970,,VNLA
1483,93.34,93.54,92.42,92.74,2828870.0,92.9481,2025-02-26 05:00:00+00:00,36558,,VNQ
1484,121.44,122.3294,120.94,121.35,1445635.0,121.6887,2025-02-26 05:00:00+00:00,21440,,VT
1485,73.305,73.415,73.22,73.35,14908532.0,73.3337,2025-02-27 05:00:00+00:00,28082,,BND
1486,596.85,598.02,584.65,585.05,74196664.0,590.3892,2025-02-27 05:00:00+00:00,758876,,SPY
1487,49.17,49.19,49.16,49.16,227677.0,49.1682,2025-02-27 05:00:00+00:00,878,,VNLA
1488,92.76,93.66,92.61,93.11,2379910.0,93.2682,2025-02-27 05:00:00+00:00,30810,,VNQ
1489,121.44,121.56,119.475,119.52,2786509.0,120.6149,2025-02-27 05:00:00+00:00,26181,,VT
1490,73.52,73.685,73.405,73.66,8363466.0,73.5516,2025-02-28 05:00:00+00:00,33108,,BND
1491,585.56,594.72,582.44,594.18,88744106.0,588.2878,2025-02-28 05:00:00+00:00,780013,,SPY
1492,49.2,49.21,49.17,49.21,294853.0,49.1922,2025-02-28 05:00:00+00:00,1064,,VNLA
1493,93.53,93.94,92.82,93.9,4214052.0,93.5713,2025-02-28 05:00:00+00:00,38407,,VNQ
1494,119.315,120.635,118.745,120.57,2975179.0,119.6639,2025-02-28 05:00:00+00:00,34142,,VT
1495,73.25,73.6299,73.22,73.61,7549672.0,73.4312,2025-03-03 05:00:00+00:00,37409,,BND
1496,596.18,597.34,579.9,583.77,74249199.0,587.977,2025-03-03 05:00:00+00:00,839118,,SPY
1497,49.01,49.01,48.984,49.01,772745.0,48.9922,2025-03-03 05:00:00+00:00,1062,,VNLA
1498,94.035,94.95,93.8,94.34,4597084.0,94.36,2025-03-03 05:00:00+00:00,55683,,VNQ
1499,121.49,121.74,118.58,119.29,3612976.0,120.2334,2025-03-03 05:00:00+00:00,42543,,VT
1500,73.61,73.75,73.3232,73.4,7693140.0,73.5095,2025-03-04 05:00:00+00:00,39974,,BND
1501,579.71,585.39,572.25,576.86,109648212.0,578.3231,2025-03-04 05:00:00+00:00,1056746,,SPY
1502,48.97,49.02,48.97,48.99,380683.0,49.0062,2025-03-04 05:00:00+00:00,1296,,VNLA
1503,94.33,94.9,93.12,93.25,4541292.0,93.73,2025-03-04 05:00:00+00:00,46619,,VNQ
1504,118.6,120.01,117.15,118.42,2562679.0,118.2869,2025-03-04 05:00:00+00:00,42493,,VT
1505,73.3,73.515,73.13,73.14,7758398.0,73.2854,2025-03-05 05:00:00+00:00,30190,,BND
1506,576.69,584.88,573.0795,583.06,71230528.0,579.8465,2025-03-05 05:00:00+00:00,809705,,SPY
1507,48.99,49.03,48.985,48.99,396761.0,48.9975,2025-03-05 05:00:00+00:00,1273,,VNLA
1508,92.68,94.46,92.485,94.29,2573967.0,93.6849,2025-03-05 05:00:00+00:00,33741,,VNQ
1509,119.05,120.665,118.63,120.38,3412606.0,119.7983,2025-03-05 05:00:00+00:00,36092,,VT
1510,73.105,73.2,72.9001,73.08,7196421.0,73.0535,2025-03-06 05:00:00+00:00,31590,,BND
1511,575.48,580.1736,570.12,572.71,80094868.0,574.5268,2025-03-06 05:00:00+00:00,869697,,SPY
1512,49.03,49.03,48.99,49.0,242177.0,49.0022,2025-03-06 05:00:00+00:00,916,,VNLA
1513,93.34,93.62,91.64,91.87,4968785.0,92.191,2025-03-06 05:00:00+00:00,48734,,VNQ
1514,119.2,120.06,118.21,118.59,1798886.0,118.9518,2025-03-06 05:00:00+00:00,29924,,VT
1515,73.33,73.37,72.95,73.0,5036333.0,73.1508,2025-03-07 05:00:00+00:00,29558,,BND
1516,570.9,577.39,565.63,575.92,81158816.0,572.548,2025-03-07 05:00:00+00:00,874097,,SPY
1517,49.04,49.04,48.99,49.0,179928.0,49.0087,2025-03-07 05:00:00+00:00,704,,VNLA
1518,91.9,92.84,91.31,92.42,4447315.0,92.1498,2025-03-07 05:00:00+00:00,38453,,VNQ
1519,118.42,119.58,117.495,119.34,2314713.0,118.6368,2025-03-07 05:00:00+00:00,32081,,VT
1520,73.3,73.47,73.27,73.34,8166967.0,73.3678,2025-03-10 04:00:00+00:00,40461,,BND
1521,567.59,569.54,555.59,560.58,99326624.0,563.4826,2025-03-10 04:00:00+00:00,1007965,,SPY
1522,49.04,49.04,49.01,49.02,307473.0,49.0206,2025-03-10 04:00:00+00:00,931,,VNLA
1523,92.32,93.32,91.03,91.53,3534607.0,92.2525,2025-03-10 04:00:00+00:00,41221,,VNQ
1524,117.45,117.96,115.385,116.3,2893811.0,116.7588,2025-03-10 04:00:00+00:00,44218,,VT
1525,73.2,73.425,73.04,73.06,8359398.0,73.1983,2025-03-11 04:00:00+00:00,34289,,BND
1526,559.4,564.02,552.02,555.92,88102109.0,557.6351,2025-03-11 04:00:00+00:00,935563,,SPY
1527,49.01,49.02,49.0,49.0,362857.0,49.0157,2025-03-11 04:00:00+00:00,1202,,VNLA
1528,91.53,92.0,89.91,90.46,3918730.0,90.7317,2025-03-11 04:00:00+00:00,39984,,VNQ
1529,116.29,116.87,114.93,115.83,2011309.0,115.9212,2025-03-11 04:00:00+00:00,30317,,VT
1530,72.91,73.0556,72.89,72.91,6192986.0,72.9656,2025-03-12 04:00:00+00:00,26356,,BND
1531,562.17,563.11,553.69,558.87,69588167.0,559.4644,2025-03-12 04:00:00+00:00,687059,,SPY
1532,49.02,49.02,48.99,49.0,352259.0,49.0033,2025-03-12 04:00:00+00:00,718,,VNLA
1533,90.61,90.96,89.76,90.18,3303097.0,90.3095,2025-03-12 04:00:00+00:00,34255,,VNQ
1534,116.84,117.045,115.465,116.46,1426613.0,116.4681,2025-03-12 04:00:00+00:00,18148,,VT
1535,72.915,73.15,72.765,73.13,4711554.0,72.9696,2025-03-13 04:00:00+00:00,25114,,BND
1536,558.49,559.105,549.68,551.42,74079414.0,553.5336,2025-03-13 04:00:00+00:00,747045,,SPY
1537,49.02,49.02,48.96,49.0,346660.0,48.9951,2025-03-13 04:00:00+00:00,1040,,VNLA
1538,90.18,90.8,88.2894,88.4,3881566.0,89.0961,2025-03-13 04:00:00+00:00,39195,,VNQ
1539,116.09,116.31,114.78,115.08,1691360.0,115.3947,2025-03-13 04:00:00+00:00,25623,,VT
1540,73.02,73.07,72.945,72.95,5095057.0,73.0163,2025-03-14 04:00:00+00:00,27698,,BND
1541,556.11,563.83,551.4917,562.81,62660321.0,559.6853,2025-03-14 04:00:00+00:00,616222,,SPY
1542,49.02,49.02,49.0,49.01,298197.0,49.0077,2025-03-14 04:00:00+00:00,957,,VNLA
1543,89.16,90.245,88.65,90.17,3769520.0,89.7049,2025-03-14 04:00:00+00:00,34243,,VNQ
1544,116.18,117.62,116.1,117.47,2054901.0,117.1782,2025-03-14 04:00:00+00:00,25360,,VT
1545,73.13,73.24,73.012,73.05,4773287.0,73.1062,2025-03-17 04:00:00+00:00,27794,,BND
1546,562.79,569.71,562.35,567.15,49008709.0,566.1538,2025-03-17 04:00:00+00:00,538126,,SPY
1547,49.02,49.03,49.0,49.02,222828.0,49.0239,2025-03-17 04:00:00+00:00,740,,VNLA
1548,90.04,92.0,90.04,91.71,2233425.0,91.5924,2025-03-17 04:00:00+00:00,30431,,VNQ
1549,117.52,119.059,117.52,118.64,1370826.0,118.3621,2025-03-17 04:00:00+00:00,24792,,VT
1550,72.98,73.22,72.97,73.13,4196326.0,73.0931,2025-03-18 04:00:00+00:00,23630,,BND
1551,564.8,565.02,559.06,561.02,66041422.0,561.5116,2025-03-18 04:00:00+00:00,572401,,SPY
1552,49.01,49.07,49.01,49.03,170516.0,49.0346,2025-03-18 04:00:00+00:00,799,,VNLA
1553,91.57,92.11,90.865,91.23,1955950.0,91.3003,2025-03-18 04:00:00+00:00,25622,,VNQ
1554,118.29,118.38,117.4,117.79,1690125.0,117.7375,2025-03-18 04:00:00+00:00,21772,,VT
1555,73.07,73.38,73.0,73.35,4201613.0,73.1618,2025-03-19 04:00:00+00:00,21786,,BND
1556,562.83,570.95,561.63,567.13,66555985.0,566.0091,2025-03-19 04:00:00+00:00,584808,,SPY
1557,49.04,49.07,49.029,49.07,196573.0,49.0465,2025-03-19 04:00:00+00:00,606,,VNLA
1558,91.24,92.03,90.57,91.34,1882220.0,91.2881,2025-03-19 04:00:00+00:00,23174,,VNQ
1559,118.03,119.4383,117.76,118.76,1170651.0,118.4402,2025-03-19 04:00:00+00:00,15079,,VT
1560,73.65,73.665,73.354,73.38,3760920.0,73.456,2025-03-20 04:00:00+00:00,20003,,BND
1561,563.33,570.57,562.6012,565.49,62958195.0,566.3677,2025-03-20 04:00:00+00:00,540297,,SPY
1562,49.09,49.09,49.07,49.08,182345.0,49.0769,2025-03-20 04:00:00+00:00,864,,VNLA
1563,91.31,91.84,90.87,91.28,2041059.0,91.3048,2025-03-20 04:00:00+00:00,25254,,VNQ
1564,117.68,118.85,117.54,118.25,1589470.0,118.4325,2025-03-20 04:00:00+00:00,19141,,VT
1565,73.445,73.515,73.3,73.32,7078526.0,73.3581,2025-03-21 04:00:00+00:00,23702,,BND
1566,559.28,564.89,558.03,563.98,83762964.0,562.124,2025-03-21 04:00:00+00:00,559082,,SPY
1567,49.07,49.11,49.07,49.08,2892183.0,49.0805,2025-03-21 04:00:00+00:00,862,,VNLA
1568,90.75,90.9,89.71,90.27,3395107.0,90.3935,2025-03-21 04:00:00+00:00,35405,,VNQ
1569,116.94,117.71,116.66,117.6,905399.0,117.1903,2025-03-21 04:00:00+00:00,16896,,VT
1570,73.19,73.22,72.98,73.0,5637341.0,73.0589,2025-03-24 04:00:00+00:00,32439,,BND
1571,570.8,575.15,570.2,574.08,58766795.0,573.0182,2025-03-24 04:00:00+00:00,506258,,SPY
1572,49.08,49.1,49.071,49.09,330124.0,49.0845,2025-03-24 04:00:00+00:00,959,,VNLA
1573,90.85,91.805,90.512,91.66,3719213.0,91.4743,2025-03-24 04:00:00+00:00,40252,,VNQ
1574,118.27,119.2,118.27,119.09,1425792.0,118.8895,2025-03-24 04:00:00+00:00,22739,,VT
1575,73.0,73.1699,72.99,73.09,6133739.0,73.1093,2025-03-25 04:00:00+00:00,25885,,BND
1576,575.3,576.41,573.69,575.46,38355735.0,574.9591,2025-03-25 04:00:00+00:00,389951,,SPY
1577,49.11,49.12,49.07,49.11,252507.0,49.1082,2025-03-25 04:00:00+00:00,985,,VNLA
1578,90.62,90.74,89.17,89.71,4210034.0,90.0265,2025-03-25 04:00:00+00:00,39667,,VNQ
1579,119.4,119.55,119.08,119.32,1325162.0,119.3441,2025-03-25 04:00:00+00:00,18459,,VT
1580,73.02,73.0591,72.89,72.93,4881976.0,72.9592,2025-03-26 04:00:00+00:00,23132,,BND
1581,575.19,576.33,567.19,568.59,52228898.0,570.5743,2025-03-26 04:00:00+00:00,501105,,SPY
1582,49.1,49.11,49.09,49.1,220419.0,49.1014,2025-03-26 04:00:00+00:00,818,,VNLA
1583,89.94,90.53,89.73,90.06,3094228.0,90.0421,2025-03-26 04:00:00+00:00,33916,,VNQ
1584,119.09,119.3344,117.715,118.02,1211645.0,118.3849,2025-03-26 04:00:00+00:00,22370,,VT
1585,72.88,72.92,72.82,72.9,5568322.0,72.8785,2025-03-27 04:00:00+00:00,20991,,BND
1586,567.18,570.9,564.94,567.08,42164248.0,568.1559,2025-03-27 04:00:00+00:00,456704,,SPY
1587,49.08,49.11,49.05,49.11,390896.0,49.1063,2025-03-27 04:00:00+00:00,1130,,VNLA
1588,90.28,90.94,89.6093,89.83,2992998.0,90.1601,2025-03-27 04:00:00+00:00,27521,,VNQ
1589,117.8,118.45,117.375,117.89,1074128.0,117.991,2025-03-27 04:00:00+00:00,15741,,VT
1590,73.16,73.35,73.07,73.32,4850495.0,73.2656,2025-03-28 04:00:00+00:00,23780,,BND
1591,565.53,566.2675,555.07,555.66,71662653.0,558.2616,2025-03-28 04:00:00+00:00,650391,,SPY
1592,49.14,49.17,49.13,49.17,238929.0,49.14,2025-03-28 04:00:00+00:00,1108,,VNLA
1593,90.12,90.275,89.13,89.71,3603028.0,89.685,2025-03-28 04:00:00+00:00,44137,,VNQ
1594,117.44,117.4801,115.66,115.82,2363366.0,116.2114,2025-03-28 04:00:00+00:00,40073,,VT
1595,73.5,73.56,73.27,73.45,7106111.0,73.4091,2025-03-31 04:00:00+00:00,36247,,BND
1596,549.83,560.7112,546.87,559.39,95328213.0,555.9019,2025-03-31 04:00:00+00:00,754584,,SPY
1597,49.14,49.17,49.11,49.15,312076.0,49.1432,2025-03-31 04:00:00+00:00,1195,,VNLA
1598,89.73,91.08,89.73,90.54,2964644.0,90.4025,2025-03-31 04:00:00+00:00,34018,,VNQ
1599,114.5,116.23,113.8301,115.95,3541594.0,114.9655,2025-03-31 04:00:00+00:00,45537,,VT
1600,73.22,73.5768,73.21,73.44,4667878.0,73.455,2025-04-01 04:00:00+00:00,28851,,BND
1601,557.45,562.94,553.68,560.97,54609641.0,559.1039,2025-04-01 04:00:00+00:00,603801,,SPY
1602,48.97,48.97,48.95,48.96,195821.0,48.9661,2025-04-01 04:00:00+00:00,701,,VNLA
1603,90.79,90.99,89.4801,90.58,4276655.0,90.3209,2025-04-01 04:00:00+00:00,49361,,VNQ
1604,115.56,116.63,114.99,116.33,1659534.0,115.8359,2025-04-01 04:00:00+00:00,25416,,VT
1605,73.61,73.6196,73.18,73.38,5313061.0,73.375,2025-04-02 04:00:00+00:00,27564,,BND
1606,555.05,567.42,554.81,564.52,76014544.0,560.9114,2025-04-02 04:00:00+00:00,686536,,SPY
1607,48.97,48.97,48.95,48.97,335652.0,48.9593,2025-04-02 04:00:00+00:00,1397,,VNLA
1608,90.28,91.28,90.03,91.13,3427177.0,90.7599,2025-04-02 04:00:00+00:00,33002,,VNQ
1609,115.27,117.37,115.24,117.02,1239194.0,116.4759,2025-04-02 04:00:00+00:00,18493,,VT
1610,73.76,73.995,73.62,73.76,7426162.0,73.8325,2025-04-03 04:00:00+00:00,39780,,BND
1611,545.11,547.97,536.7,536.7,125985998.0,543.253,2025-04-03 04:00:00+00:00,1198725,,SPY
1612,48.99,49.0,48.9501,48.96,554337.0,48.9706,2025-04-03 04:00:00+00:00,1652,,VNLA
1613,89.715,90.79,87.96,88.02,5785091.0,88.7546,2025-04-03 04:00:00+00:00,57299,,VNQ
1614,113.87,114.29,112.29,112.4,4738206.0,113.2104,2025-04-03 04:00:00+00:00,72507,,VT
1615,74.2,74.34,73.71,73.82,12677993.0,73.9906,2025-04-04 04:00:00+00:00,64440,,BND
1616,523.67,525.87,505.06,505.28,217965131.0,514.9707,2025-04-04 04:00:00+00:00,1957428,,SPY
1617,48.99,48.99,48.91,48.93,447201.0,48.9467,2025-04-04 04:00:00+00:00,1726,,VNLA
1618,87.11,87.245,84.1,84.2,7804116.0,85.4627,2025-04-04 04:00:00+00:00,81529,,VNQ
1619,109.01,109.31,105.59,105.7,6540265.0,106.9525,2025-04-04 04:00:00+00:00,81885,,VT
1620,73.65,73.69,72.85,72.93,14282990.0,73.1722,2025-04-07 04:00:00+00:00,75920,,BND
1621,489.19,523.17,481.8,504.38,256611355.0,501.175,2025-04-07 04:00:00+00:00,2517692,,SPY
1622,48.87,48.87,48.8,48.83,697834.0,48.8291,2025-04-07 04:00:00+00:00,2504,,VNLA
1623,82.28,85.32,80.09,81.99,13294169.0,82.1834,2025-04-07 04:00:00+00:00,96915,,VNQ
1624,102.09,108.35,100.89,104.43,5704329.0,103.6563,2025-04-07 04:00:00+00:00,71825,,VT
1625,72.92,73.05,72.4601,72.51,12629156.0,72.7974,2025-04-08 04:00:00+00:00,52776,,BND
1626,521.86,524.98,489.16,496.48,165816581.0,507.1006,2025-04-08 04:00:00+00:00,1708703,,SPY
1627,48.83,48.849,48.74,48.74,639720.0,48.8069,2025-04-08 04:00:00+00:00,1680,,VNLA
1628,83.95,84.15,78.85,79.79,7401066.0,81.5303,2025-04-08 04:00:00+00:00,69837,,VNQ
1629,108.04,108.3,101.82,103.16,4175697.0,105.3325,2025-04-08 04:00:00+00:00,60749,,VT
1630,71.49,72.7,71.4804,72.68,20862040.0,72.087,2025-04-09 04:00:00+00:00,80783,,BND
1631,493.44,548.62,493.05,548.62,241867317.0,521.8208,2025-04-09 04:00:00+00:00,2299203,,SPY
1632,48.66,48.83,48.45,48.74,1128837.0,48.7243,2025-04-09 04:00:00+00:00,3534,,VNLA
1633,78.33,84.94,76.92,84.55,10990272.0,81.2514,2025-04-09 04:00:00+00:00,100416,,VNQ
1634,102.92,112.64,102.4688,111.98,5328470.0,106.5543,2025-04-09 04:00:00+00:00,53912,,VT
1635,72.42,72.6099,72.06,72.1,8058517.0,72.3153,2025-04-10 04:00:00+00:00,45996,,BND
1636,532.17,533.495,509.32,524.58,162331225.0,524.4525,2025-04-10 04:00:00+00:00,1754794,,SPY
1637,48.76,48.8017,48.75,48.75,421500.0,48.7753,2025-04-10 04:00:00+00:00,1534,,VNLA
1638,83.42,84.41,80.5,82.62,7442686.0,82.3895,2025-04-10 04:00:00+00:00,68531,,VNQ
1639,110.0,110.2499,106.06,108.86,3325409.0,108.6441,2025-04-10 04:00:00+00:00,50306,,VT
1640,71.69,72.15,71.41,72.02,7260413.0,71.7947,2025-04-11 04:00:00+00:00,39049,,BND
1641,523.01,536.43,520.07,533.94,97866334.0,529.4274,2025-04-11 04:00:00+00:00,1019118,,SPY
1642,48.72,48.82,48.72,48.77,753289.0,48.7604,2025-04-11 04:00:00+00:00,2472,,VNLA
1643,82.05,83.8,81.07,83.63,5276100.0,82.6436,2025-04-11 04:00:00+00:00,51371,,VNQ
1644,109.02,111.3202,108.39,111.11,3187197.0,109.9195,2025-04-11 04:00:00+00:00,43876,,VT
1645,72.225,72.525,72.2047,72.43,5409343.0,72.3651,2025-04-14 04:00:00+00:00,32962,,BND
1646,544.05,544.28,533.86,539.12,68033993.0,539.5603,2025-04-14 04:00:00+00:00,752545,,SPY
1647,48.83,48.84,48.76,48.82,267470.0,48.8091,2025-04-14 04:00:00+00:00,788,,VNLA
1648,84.37,85.87,84.13,85.36,3228070.0,85.0978,2025-04-14 04:00:00+00:00,40457,,VNQ
1649,112.64,112.97,111.16,112.16,4323339.0,112.3279,2025-04-14 04:00:00+00:00,48937,,VT
1650,72.36,72.735,72.35,72.61,5667509.0,72.6279,2025-04-15 04:00:00+00:00,27919,,BND
1651,539.675,543.23,536.81,537.61,56892874.0,539.2414,2025-04-15 04:00:00+00:00,547009,,SPY
1652,48.85,48.85,48.82,48.85,356455.0,48.836,2025-04-15 04:00:00+00:00,998,,VNLA
1653,85.61,86.175,85.13,85.62,2443447.0,85.8145,2025-04-15 04:00:00+00:00,30203,,VNQ
1654,112.51,113.155,112.09,112.27,1895583.0,112.5624,2025-04-15 04:00:00+00:00,26716,,VT
1655,72.66,72.85,72.5146,72.81,33963335.0,72.6613,2025-04-16 04:00:00+00:00,42883,,BND
1656,531.68,537.8854,520.29,525.66,83484814.0,527.9444,2025-04-16 04:00:00+00:00,770794,,SPY
1657,48.89,48.89,48.84,48.88,286052.0,48.8633,2025-04-16 04:00:00+00:00,1318,,VNLA
1658,85.88,86.65,84.9759,85.56,2393125.0,85.7781,2025-04-16 04:00:00+00:00,31261,,VNQ
1659,111.43,112.12,109.71,110.6,2762425.0,110.8749,2025-04-16 04:00:00+00:00,29778,,VT
1660,72.79,72.8299,72.6003,72.65,7613944.0,72.6857,2025-04-17 04:00:00+00:00,24830,,BND
1661,527.64,531.165,523.91,526.41,79868083.0,527.5729,2025-04-17 04:00:00+00:00,633853,,SPY
1662,48.86,48.92,48.86,48.915,285451.0,48.9167,2025-04-17 04:00:00+00:00,642,,VNLA
1663,85.7,87.485,85.7,86.84,3383581.0,86.9742,2025-04-17 04:00:00+00:00,43229,,VNQ
1664,111.23,111.9795,110.705,111.18,1728825.0,111.4126,2025-04-17 04:00:00+00:00,23165,,VT
1665,72.49,72.635,72.245,72.25,6092946.0,72.4394,2025-04-21 04:00:00+00:00,31663,,BND
1666,521.16,521.7,508.46,513.88,69368129.0,513.9928,2025-04-21 04:00:00+00:00,715706,,SPY
1667,48.91,48.96,48.91,48.92,318752.0,48.9194,2025-04-21 04:00:00+00:00,929,,VNLA
1668,85.97,86.21,83.97,85.03,2406200.0,85.0322,2025-04-21 04:00:00+00:00,32446,,VNQ
1669,110.71,110.9128,108.42,109.46,1751703.0,109.3196,2025-04-21 04:00:00+00:00,31956,,VT
1670,72.49,72.5299,72.37,72.38,5408208.0,72.4439,2025-04-22 04:00:00+00:00,23758,,BND
1671,520.14,529.305,519.1925,527.25,75948117.0,525.0503,2025-04-22 04:00:00+00:00,712401,,SPY
1672,48.88,48.94,48.87,48.93,418131.0,48.9296,2025-04-22 04:00:00+00:00,1027,,VNLA
1673,85.98,87.04,85.8,86.68,2209925.0,86.5088,2025-04-22 04:00:00+00:00,27263,,VNQ
1674,110.57,112.385,110.54,111.85,1868732.0,111.5581,2025-04-22 04:00:00+00:00,23089,,VT
1675,72.82,73.125,72.5,72.53,5283133.0,72.7384,2025-04-23 04:00:00+00:00,25527,,BND
1676,540.43,545.43,533.88,535.42,90590658.0,538.5305,2025-04-23 04:00:00+00:00,885537,,SPY
1677,48.9,48.98,48.9,48.93,409244.0,48.9372,2025-04-23 04:00:00+00:00,1454,,VNLA
1678,87.65,88.58,86.36,86.84,2493099.0,87.4018,2025-04-23 04:00:00+00:00,29329,,VNQ
1679,114.16,114.92,112.92,113.28,3889203.0,114.0525,2025-04-23 04:00:00+00:00,39719,,VT
1680,72.8,72.95,72.7537,72.94,3751673.0,72.8678,2025-04-24 04:00:00+00:00,21340,,BND
1681,536.715,547.43,535.4504,546.69,64150418.0,543.4085,2025-04-24 04:00:00+00:00,580937,,SPY
1682,48.9,48.98,48.22,48.98,258648.0,48.9627,2025-04-24 04:00:00+00:00,1139,,VNLA
1683,86.89,87.77,86.45,87.16,2080814.0,87.2422,2025-04-24 04:00:00+00:00,25186,,VNQ
1684,113.26,115.34,113.26,115.25,3142552.0,114.5359,2025-04-24 04:00:00+00:00,25906,,VT
1685,73.09,73.195,73.01,73.18,4021898.0,73.1202,2025-04-25 04:00:00+00:00,20835,,BND
1686,546.65,551.05,543.69,550.64,61119590.0,548.3488,2025-04-25 04:00:00+00:00,562252,,SPY
1687,49.0,49.03,48.98,49.03,842850.0,49.0124,2025-04-25 04:00:00+00:00,1316,,VNLA
1688,87.16,87.35,86.38,87.01,2409709.0,86.9672,2025-04-25 04:00:00+00:00,29226,,VNQ
1689,115.07,115.87,114.6202,115.8,2300444.0,115.4322,2025-04-25 04:00:00+00:00,25001,,VT
1690,73.1,73.3885,73.09,73.36,4685563.0,73.2543,2025-04-28 04:00:00+00:00,27441,,BND
1691,551.39,553.55,545.02,550.85,47613755.0,549.7272,2025-04-28 04:00:00+00:00,472025,,SPY
1692,49.0,49.03,48.985,49.01,885012.0,49.0034,2025-04-28 04:00:00+00:00,2069,,VNLA
1693,86.93,87.725,86.67,87.55,2914956.0,87.3064,2025-04-28 04:00:00+00:00,28076,,VNQ
1694,116.0,116.35,115.06,116.13,5356414.0,115.5887,2025-04-28 04:00:00+00:00,35897,,VT
1695,73.29,73.56,73.28,73.55,3790701.0,73.4757,2025-04-29 04:00:00+00:00,21213,,BND
1696,548.91,555.45,548.55,554.32,47775121.0,552.8584,2025-04-29 04:00:00+00:00,474829,,SPY
1697,48.98,49.02,48.84,49.01,344738.0,49.0121,2025-04-29 04:00:00+00:00,804,,VNLA
1698,87.51,88.44,87.2,88.02,2740428.0,87.9503,2025-04-29 04:00:00+00:00,33931,,VNQ
1699,115.87,116.88,115.815,116.66,2407584.0,116.3295,2025-04-29 04:00:00+00:00,28340,,VT
1700,73.5,73.575,73.3701,73.5,8020986.0,73.469,2025-04-30 04:00:00+00:00,20638,,BND
1701,547.57,556.52,541.52,554.54,93101463.0,551.0277,2025-04-30 04:00:00+00:00,707090,,SPY
1702,48.98,49.06,48.98,49.06,309877.0,49.0392,2025-04-30 04:00:00+00:00,1165,,VNLA
1703,87.6,88.635,86.75,88.33,3738632.0,87.7694,2025-04-30 04:00:00+00:00,37057,,VNQ
1704,115.53,116.97,114.48,116.6,2252863.0,115.6364,2025-04-30 04:00:00+00:00,27142,,VT
1705,73.34,73.37,72.95,73.06,6295350.0,73.0636,2025-05-01 04:00:00+00:00,30808,,BND
1706,560.37,564.0699,557.86,558.47,63186146.0,560.0677,2025-05-01 04:00:00+00:00,585865,,SPY
1707,48.9,48.92,48.83,48.85,609410.0,48.8503,2025-05-01 04:00:00+00:00,2111,,VNLA
1708,88.64,89.39,87.96,88.62,3574077.0,88.7728,2025-05-01 04:00:00+00:00,35884,,VNQ
1709,117.67,117.9599,116.87,117.02,1487556.0,117.3919,2025-05-01 04:00:00+00:00,18548,,VT
1710,72.71,72.85,72.605,72.7,6960790.0,72.7108,2025-05-02 04:00:00+00:00,34554,,BND
1711,564.73,568.38,562.38,566.76,60717270.0,565.9279,2025-05-02 04:00:00+00:00,571476,,SPY
1712,48.8,48.86,48.8,48.85,250058.0,48.8443,2025-05-02 04:00:00+00:00,962,,VNLA
1713,89.715,90.02,89.3,89.71,2237710.0,89.7006,2025-05-02 04:00:00+00:00,26602,,VNQ
1714,118.62,119.23,118.34,119.06,1592710.0,118.9105,2025-05-02 04:00:00+00:00,25034,,VT
1715,72.63,72.69,72.4825,72.6,7574983.0,72.5664,2025-05-05 04:00:00+00:00,32594,,BND
1716,562.57,566.65,561.7,563.51,38659222.0,564.3939,2025-05-05 04:00:00+00:00,414698,,SPY
1717,48.82,48.89,48.82,48.86,344582.0,48.8674,2025-05-05 04:00:00+00:00,749,,VNLA
1718,89.56,90.045,89.03,89.51,2290089.0,89.6795,2025-05-05 04:00:00+00:00,27339,,VNQ
1719,118.76,119.305,118.58,118.8,1762196.0,118.9894,2025-05-05 04:00:00+00:00,24561,,VT
1720,72.56,72.77,72.5,72.76,6994010.0,72.6385,2025-05-06 04:00:00+00:00,26031,,BND
1721,557.93,563.3476,556.96,558.8,48264708.0,560.063,2025-05-06 04:00:00+00:00,473580,,SPY
1722,48.89,48.905,48.88,48.9,216986.0,48.8942,2025-05-06 04:00:00+00:00,765,,VNLA
1723,89.1,89.55,88.397471,88.82,2579766.0,88.9655,2025-05-06 04:00:00+00:00,26596,,VNQ
1724,117.98,118.85,117.77,118.13,5454584.0,118.3426,2025-05-06 04:00:00+00:00,35650,,VT
1725,72.8,72.967142,72.79,72.9,4358160.0,72.8794,2025-05-07 04:00:00+00:00,25163,,BND
1726,560.15,563.82,556.04,561.15,55733229.0,560.1667,2025-05-07 04:00:00+00:00,531073,,SPY
1727,48.92,48.92,48.9,48.92,275263.0,48.9082,2025-05-07 04:00:00+00:00,1288,,VNLA
1728,89.0,89.65,88.73,88.92,2220460.0,89.1874,2025-05-07 04:00:00+00:00,26825,,VNQ
1729,118.14,118.61,117.4444,118.21,2985081.0,118.0201,2025-05-07 04:00:00+00:00,23887,,VT
1730,72.86,72.92,72.505,72.51,4283210.0,72.6801,2025-05-08 04:00:00+00:00,25121,,BND
1731,565.24,570.31,561.7,565.06,65130787.0,566.2262,2025-05-08 04:00:00+00:00,601131,,SPY
1732,48.93,48.93,48.9,48.9,282368.0,48.9062,2025-05-08 04:00:00+00:00,996,,VNLA
1733,89.28,89.43,88.24,88.57,2652585.0,88.8771,2025-05-08 04:00:00+00:00,30187,,VNQ
1734,118.89,119.5464,118.22,118.62,1578175.0,118.9908,2025-05-08 04:00:00+00:00,20597,,VT
1735,72.605,72.74,72.56,72.57,3730810.0,72.6418,2025-05-09 04:00:00+00:00,21147,,BND
1736,566.48,567.5,562.7637,564.34,37603427.0,564.8133,2025-05-09 04:00:00+00:00,422432,,SPY
1737,48.88,48.95,48.84,48.93,150181.0,48.9332,2025-05-09 04:00:00+00:00,567,,VNLA
1738,88.5,89.395,88.37,89.16,3460255.0,89.0623,2025-05-09 04:00:00+00:00,29635,,VNQ
1739,119.25,119.405,118.525,118.79,3546612.0,118.8442,2025-05-09 04:00:00+00:00,27465,,VT
1740,72.3,72.45,72.3,72.32,6983151.0,72.3744,2025-05-12 04:00:00+00:00,36031,,BND
1741,581.47,583.0,577.04,582.99,78993570.0,579.7482,2025-05-12 04:00:00+00:00,733762,,SPY
1742,48.88,48.94,48.88,48.94,228705.0,48.9286,2025-05-12 04:00:00+00:00,974,,VNLA
1743,90.36,90.37,89.11,89.6,3657700.0,89.6148,2025-05-12 04:00:00+00:00,33374,,VNQ
1744,121.5,121.73,120.64,121.73,2741854.0,121.2784,2025-05-12 04:00:00+00:00,33386,,VT
1745,72.3,72.425,72.2,72.29,5610253.0,72.2686,2025-05-13 04:00:00+00:00,29141,,BND
1746,583.41,589.08,582.84,586.84,67947225.0,586.9132,2025-05-13 04:00:00+00:00,682785,,SPY
1747,48.97,49.0,48.94,48.94,472226.0,48.9449,2025-05-13 04:00:00+00:00,1831,,VNLA
1748,89.58,89.685,88.195,88.46,4178640.0,88.5565,2025-05-13 04:00:00+00:00,39039,,VNQ
1749,121.69,122.73,121.55,122.33,2485566.0,122.3449,2025-05-13 04:00:00+00:00,28094,,VT
1750,72.24,72.2899,72.01,72.04,6426742.0,72.1222,2025-05-14 04:00:00+00:00,27968,,BND
1751,587.81,588.98,585.535,587.59,66283531.0,587.3875,2025-05-14 04:00:00+00:00,676301,,SPY
1752,48.97,48.9974,48.95,48.96,387285.0,48.9639,2025-05-14 04:00:00+00:00,956,,VNLA
1753,88.15,88.15,87.26,87.59,3052921.0,87.661,2025-05-14 04:00:00+00:00,41420,,VNQ
1754,122.65,122.74,122.04,122.33,1765678.0,122.408,2025-05-14 04:00:00+00:00,25136,,VT
1755,72.25,72.45,72.17,72.43,5659031.0,72.3366,2025-05-15 04:00:00+00:00,26893,,BND
1756,585.56,590.97,585.0969,590.46,71268145.0,588.6247,2025-05-15 04:00:00+00:00,737359,,SPY
1757,48.95,49.02,48.95,48.97,1588892.0,48.9781,2025-05-15 04:00:00+00:00,1145,,VNLA
1758,87.91,89.2099,87.815,89.19,2563008.0,88.7227,2025-05-15 04:00:00+00:00,31734,,VNQ
1759,122.34,123.05,122.06,123.02,1986785.0,122.6263,2025-05-15 04:00:00+00:00,27817,,VT
1760,72.62,72.675,72.45,72.48,5310023.0,72.5255,2025-05-16 04:00:00+00:00,26540,,BND
1761,591.25,594.5,589.28,594.2,76052101.0,592.4173,2025-05-16 04:00:00+00:00,645314,,SPY
1762,49.04,49.055,48.99,49.01,221061.0,49.0132,2025-05-16 04:00:00+00:00,839,,VNLA
1763,89.2,90.325,89.03,90.3,2580281.0,89.8784,2025-05-16 04:00:00+00:00,30797,,VNQ
1764,123.015,123.64,122.7323,123.62,1314188.0,123.2065,2025-05-16 04:00:00+00:00,20388,,VT
1765,72.17,72.48,72.0635,72.46,5787990.0,72.3054,2025-05-19 04:00:00+00:00,33640,,BND
1766,588.1,595.54,588.1,594.85,68168509.0,593.1807,2025-05-19 04:00:00+00:00,662361,,SPY
1767,48.98,49.06,48.98,49.03,250465.0,49.0299,2025-05-19 04:00:00+00:00,1030,,VNLA
1768,89.53,90.43,89.36,90.32,2956490.0,90.1799,2025-05-19 04:00:00+00:00,29859,,VNQ
1769,122.72,124.0,122.69,123.96,2304026.0,123.5421,2025-05-19 04:00:00+00:00,32608,,VT
1770,72.3,72.39,72.2,72.33,5810255.0,72.3313,2025-05-20 04:00:00+00:00,26851,,BND
1771,593.09,594.05,589.6,592.85,60614492.0,592.5641,2025-05-20 04:00:00+00:00,632002,,SPY
1772,49.05,49.08,49.05,49.06,359252.0,49.0618,2025-05-20 04:00:00+00:00,856,,VNLA
1773,89.64,90.18,89.58,89.79,2003329.0,89.8607,2025-05-20 04:00:00+00:00,27696,,VNQ
1774,123.77,123.965,123.32,123.83,1891174.0,123.7525,2025-05-20 04:00:00+00:00,18769,,VT
1775,72.15,72.2,71.8048,71.88,10880393.0,71.9411,2025-05-21 04:00:00+00:00,29469,,BND
1776,588.44,592.58,581.82,582.86,95197657.0,587.028,2025-05-21 04:00:00+00:00,1066364,,SPY
1777,49.08,49.08,49.02,49.04,297641.0,49.0365,2025-05-21 04:00:00+00:00,825,,VNLA
1778,89.125,89.49,87.33,87.4,2677266.0,88.2951,2025-05-21 04:00:00+00:00,36058,,VNQ
1779,123.38,123.95,122.095,122.28,1696878.0,123.0321,2025-05-21 04:00:00+00:00,26963,,VT
1780,71.87,72.09,71.7625,72.08,7067214.0,71.976,2025-05-22 04:00:00+00:00,26492,,BND
1781,582.66,586.62,581.405,583.09,70860417.0,583.9339,2025-05-22 04:00:00+00:00,844277,,SPY
1782,49.07,49.07,49.02,49.02,1958263.0,49.032,2025-05-22 04:00:00+00:00,1909,,VNLA
1783,87.46,87.46,86.36,87.0,2540059.0,86.9688,2025-05-22 04:00:00+00:00,33006,,VNQ
1784,122.25,122.78,121.83,122.19,1431163.0,122.3311,2025-05-22 04:00:00+00:00,21663,,VT
1785,72.27,72.29,72.09,72.19,4272707.0,72.1758,2025-05-23 04:00:00+00:00,23148,,BND
1786,575.98,581.8101,575.6,579.11,76029046.0,578.8343,2025-05-23 04:00:00+00:00,877472,,SPY
1787,49.07,49.1,49.06,49.09,313554.0,49.0801,2025-05-23 04:00:00+00:00,1393,,VNLA
1788,86.84,87.35,86.54,87.09,2123085.0,86.9536,2025-05-23 04:00:00+00:00,28396,,VNQ
1789,121.15,122.29,121.0,121.91,1955883.0,121.6387,2025-05-23 04:00:00+00:00,24472,,VT
1790,72.37,72.6,72.32,72.53,6148892.0,72.4767,2025-05-27 04:00:00+00:00,41219,,BND
1791,586.07,591.31,578.43,591.15,72588475.0,588.5785,2025-05-27 04:00:00+00:00,830952,,SPY
1792,49.1,49.13,49.09,49.13,240714.0,49.1103,2025-05-27 04:00:00+00:00,981,,VNLA
1793,87.81,88.82,87.51,88.61,2117879.0,88.3631,2025-05-27 04:00:00+00:00,31839,,VNQ
1794,123.26,123.93,122.8875,123.89,2607030.0,123.4778,2025-05-27 04:00:00+00:00,33533,,VT
1795,72.41,72.46,72.29,72.37,5214663.0,72.3745,2025-05-28 04:00:00+00:00,25303,,BND
1796,591.56,592.7688,586.985,587.73,68445512.0,589.7912,2025-05-28 04:00:00+00:00,731933,,SPY
1797,49.13,49.16,49.08,49.1,292334.0,49.0986,2025-05-28 04:00:00+00:00,1246,,VNLA
1798,88.64,88.66,87.93,88.52,1912767.0,88.3123,2025-05-28 04:00:00+00:00,25459,,VNQ
1799,123.91,123.91,122.91,123.04,1893845.0,123.3453,2025-05-28 04:00:00+00:00,28540,,VT
1800,72.48,72.7,72.48,72.63,4686425.0,72.6164,2025-05-29 04:00:00+00:00,24541,,BND
1801,593.06,593.2,586.07,590.05,70073758.0,589.7108,2025-05-29 04:00:00+00:00,826143,,SPY
1802,49.13,49.15,49.11,49.14,248353.0,49.1269,2025-05-29 04:00:00+00:00,731,,VNLA
1803,88.58,89.68,88.4,89.32,2440871.0,89.0971,2025-05-29 04:00:00+00:00,34097,,VNQ
1804,124.1,124.1,122.8,123.54,1701218.0,123.4278,2025-05-29 04:00:00+00:00,27691,,VT
1805,72.63,72.78,72.54,72.77,5995815.0,72.7038,2025-05-30 04:00:00+00:00,24619,,BND
1806,588.93,591.1299,583.235,589.39,90601242.0,588.238,2025-05-30 04:00:00+00:00,884337,,SPY
1807,49.15,49.17,49.13,49.16,303217.0,49.145,2025-05-30 04:00:00+00:00,1194,,VNLA
1808,88.97,89.55,88.45,89.32,2525909.0,89.1238,2025-05-30 04:00:00+00:00,34022,,VNQ
1809,123.25,123.63,122.2,123.37,1695497.0,123.1638,2025-05-30 04:00:00+00:00,28131,,VT
1810,72.35,72.53,72.24,72.37,6888040.0,72.3346,2025-06-02 04:00:00+00:00,39458,,BND
1811,587.76,592.79,585.06,592.71,61630502.0,589.9925,2025-06-02 04:00:00+00:00,728812,,SPY
1812,48.92,48.95,48.8361,48.95,393165.0,48.9379,2025-06-02 04:00:00+00:00,1014,,VNLA
1813,88.63,89.465,87.83,89.44,3101782.0,88.9011,2025-06-02 04:00:00+00:00,42101,,VNQ
1814,123.21,124.22,122.695,124.19,1823317.0,123.6089,2025-06-02 04:00:00+00:00,32286,,VT
1815,72.44,72.497,72.26,72.29,7437016.0,72.3334,2025-06-03 04:00:00+00:00,32416,,BND
1816,592.34,597.08,591.85,596.09,63606204.0,595.0725,2025-06-03 04:00:00+00:00,690792,,SPY
1817,48.95,48.96,48.94,48.95,395015.0,48.9497,2025-06-03 04:00:00+00:00,779,,VNLA
1818,89.03,89.395,88.49,89.26,2155702.0,89.061,2025-06-03 04:00:00+00:00,30776,,VNQ
1819,123.93,124.68,123.68,124.51,1557134.0,124.3288,2025-06-03 04:00:00+00:00,24566,,VT
1820,72.535,72.81,72.51,72.74,8342999.0,72.6925,2025-06-04 04:00:00+00:00,28870,,BND
1821,596.96,597.95,595.49,595.93,57314199.0,596.8589,2025-06-04 04:00:00+00:00,629200,,SPY
1822,48.99,48.99,48.96,48.98,510586.0,48.9841,2025-06-04 04:00:00+00:00,1243,,VNLA
1823,89.22,89.81,88.81,89.51,2598366.0,89.5007,2025-06-04 04:00:00+00:00,34239,,VNQ
1824,124.86,125.16,124.7,124.8,1517303.0,124.9735,2025-06-04 04:00:00+00:00,24463,,VT
1825,72.76,72.83,72.58,72.6,6620778.0,72.6512,2025-06-05 04:00:00+00:00,24900,,BND
1826,597.63,599.0,591.05,593.05,92436397.0,595.1416,2025-06-05 04:00:00+00:00,944088,,SPY
1827,48.96,48.97,48.915,48.96,353955.0,48.9619,2025-06-05 04:00:00+00:00,1251,,VNLA
1828,89.55,89.91,88.965,89.44,3148640.0,89.4947,2025-06-05 04:00:00+00:00,32422,,VNQ
1829,125.33,125.3911,124.1335,124.46,1883132.0,124.8832,2025-06-05 04:00:00+00:00,28978,,VT
1830,72.37,72.49,72.19,72.205,14677575.0,72.2357,2025-06-06 04:00:00+00:00,31237,,BND
1831,598.66,600.83,596.86,599.14,66588743.0,599.078,2025-06-06 04:00:00+00:00,768591,,SPY
1832,48.94,48.97,48.94,48.96,274827.0,48.9589,2025-06-06 04:00:00+00:00,870,,VNLA
1833,89.8,90.28,89.39,89.87,2707209.0,89.811,2025-06-06 04:00:00+00:00,31852,,VNQ
1834,125.33,125.65,125.06,125.43,2745695.0,125.4368,2025-06-06 04:00:00+00:00,28294,,VT
1835,72.2,72.39,72.2,72.32,10147554.0,72.3246,2025-06-09 04:00:00+00:00,30260,,BND
1836,599.72,601.25,598.49,599.68,53016418.0,599.9965,2025-06-09 04:00:00+00:00,637329,,SPY
1837,48.93,48.98,48.93,48.97,244644.0,48.9659,2025-06-09 04:00:00+00:00,800,,VNLA
1838,89.9,90.53,89.29,89.99,3676147.0,89.9826,2025-06-09 04:00:00+00:00,47346,,VNQ
1839,125.71,126.0,125.38,125.64,2784408.0,125.7054,2025-06-09 04:00:00+00:00,29310,,VT
1840,72.51,72.5565,72.38,72.46,9256974.0,72.45,2025-06-10 04:00:00+00:00,29508,,BND
1841,600.22,603.47,599.09,603.08,66246973.0,601.7272,2025-06-10 04:00:00+00:00,674474,,SPY
1842,48.95,49.0,48.95,48.98,268188.0,48.9857,2025-06-10 04:00:00+00:00,717,,VNLA
1843,90.14,90.82,90.12,90.76,4036043.0,90.6081,2025-06-10 04:00:00+00:00,31856,,VNQ
1844,125.93,126.265,125.6,126.24,1676127.0,126.0213,2025-06-10 04:00:00+00:00,25180,,VT
1845,72.59,72.72,72.515,72.69,8034926.0,72.6588,2025-06-11 04:00:00+00:00,31873,,BND
1846,604.19,605.06,599.27,601.36,73658225.0,602.4555,2025-06-11 04:00:00+00:00,808639,,SPY
1847,48.98,49.03,48.98,49.03,280987.0,49.0048,2025-06-11 04:00:00+00:00,937,,VNLA
1848,90.89,91.29,89.935,90.27,2874714.0,90.6653,2025-06-11 04:00:00+00:00,33088,,VNQ
1849,126.61,126.72,125.75,126.0,1978339.0,126.401,2025-06-11 04:00:00+00:00,23124,,VT
1850,72.9,72.97,72.82,72.96,5950091.0,72.9007,2025-06-12 04:00:00+00:00,27144,,BND
1851,600.01,603.75,599.52,603.75,64129003.0,602.495,2025-06-12 04:00:00+00:00,689902,,SPY
1852,49.03,49.04,49.0,49.04,257157.0,49.025,2025-06-12 04:00:00+00:00,829,,VNLA
1853,90.21,90.8,90.06,90.71,2007227.0,90.5222,2025-06-12 04:00:00+00:00,27157,,VNQ
1854,126.11,126.58,125.8818,126.54,1527763.0,126.3357,2025-06-12 04:00:00+00:00,20423,,VT
1855,72.81,72.85,72.55,72.7,5656548.0,72.6743,2025-06-13 04:00:00+00:00,26933,,BND
1856,598.5,601.85,595.48,597.0,89505996.0,598.3869,2025-06-13 04:00:00+00:00,980649,,SPY
1857,49.04,49.04,49.01,49.02,524538.0,49.0188,2025-06-13 04:00:00+00:00,1178,,VNLA
1858,89.99,90.56,89.235,89.83,2334412.0,89.8333,2025-06-13 04:00:00+00:00,32787,,VNQ
1859,125.38,125.92,124.7,124.95,3691837.0,125.2186,2025-06-13 04:00:00+00:00,35912,,VT
1860,72.65,72.79,72.55,72.56,6415544.0,72.6691,2025-06-16 04:00:00+00:00,33074,,BND
1861,600.4,604.45,600.22,602.68,79984125.0,602.39,2025-06-16 04:00:00+00:00,775607,,SPY
1862,49.04,49.05,49.0217,49.05,318529.0,49.0449,2025-06-16 04:00:00+00:00,1439,,VNLA
1863,90.18,91.0,89.6,89.9,2657573.0,90.2493,2025-06-16 04:00:00+00:00,35936,,VNQ
1864,125.98,126.65,125.8,126.04,2468188.0,126.197,2025-06-16 04:00:00+00:00,29158,,VT
1865,72.69,72.82,72.6046,72.79,5123442.0,72.7268,2025-06-17 04:00:00+00:00,25902,,BND
1866,600.21,601.75,596.76,597.53,82209365.0,599.0958,2025-06-17 04:00:00+00:00,827346,,SPY
1867,49.03,49.05,49.03,49.04,170475.0,49.0412,2025-06-17 04:00:00+00:00,1312,,VNLA
1868,89.89,90.17,89.27,89.58,1879391.0,89.7111,2025-06-17 04:00:00+00:00,28558,,VNQ
1869,125.57,125.74,124.64,124.81,2368405.0,125.1653,2025-06-17 04:00:00+00:00,28955,,VT
1870,72.87,73.02,72.76,72.83,5176972.0,72.8908,2025-06-18 04:00:00+00:00,24747,,BND
1871,598.44,601.22,596.47,597.44,76605029.0,598.6557,2025-06-18 04:00:00+00:00,711298,,SPY
1872,49.06,49.07,49.05,49.07,199525.0,49.0634,2025-06-18 04:00:00+00:00,641,,VNLA
1873,89.82,90.555,89.39,89.89,2945769.0,90.0837,2025-06-18 04:00:00+00:00,37216,,VNQ
1874,125.13,125.57,124.7,124.88,2208653.0,125.1606,2025-06-18 04:00:00+00:00,28015,,VT
1875,72.705,72.96,72.6701,72.88,5396818.0,72.8354,2025-06-20 04:00:00+00:00,27035,,BND
1876,598.38,599.46,592.86,594.28,94051374.0,595.4982,2025-06-20 04:00:00+00:00,825556,,SPY
1877,49.09,49.1,49.07,49.1,270836.0,49.0867,2025-06-20 04:00:00+00:00,770,,VNLA
1878,90.21,90.68,89.73,89.83,2940349.0,90.1068,2025-06-20 04:00:00+00:00,40365,,VNQ
1879,125.05,125.05,123.605,123.74,2992254.0,124.0654,2025-06-20 04:00:00+00:00,35620,,VT
1880,73.05,73.2199,72.98,73.06,5391876.0,73.1193,2025-06-23 04:00:00+00:00,27727,,BND
1881,595.04,600.54,591.89,600.15,87426039.0,597.1593,2025-06-23 04:00:00+00:00,920372,,SPY
1882,49.09,49.13,49.09,49.12,288979.0,49.1221,2025-06-23 04:00:00+00:00,1018,,VNLA
1883,90.0,91.245,89.88,91.18,3142347.0,90.7822,2025-06-23 04:00:00+00:00,38134,,VNQ
1884,123.58,124.92,123.19,124.92,3919832.0,124.2405,2025-06-23 04:00:00+00:00,39010,,VT
1885,72.99,73.32,72.985,73.28,8789764.0,73.2318,2025-06-24 04:00:00+00:00,25299,,BND
1886,604.33,607.8499,603.41,606.78,67735293.0,605.9159,2025-06-24 04:00:00+00:00,682502,,SPY
1887,49.12,49.15,49.11,49.14,295604.0,49.1381,2025-06-24 04:00:00+00:00,1116,,VNLA
1888,91.33,91.77,90.81,91.42,2727539.0,91.4389,2025-06-24 04:00:00+00:00,36188,,VNQ
1889,125.88,126.675,125.77,126.49,4474159.0,126.3002,2025-06-24 04:00:00+00:00,35083,,VT
1890,73.19,73.31,73.1,73.3,5346377.0,73.2094,2025-06-25 04:00:00+00:00,25800,,BND
1891,607.91,608.61,605.54,607.12,62114767.0,607.1031,2025-06-25 04:00:00+00:00,645731,,SPY
1892,49.15,49.15,49.1124,49.136,335815.0,49.1342,2025-06-25 04:00:00+00:00,946,,VNLA
1893,90.91,90.91,89.165,89.22,4282454.0,90.0016,2025-06-25 04:00:00+00:00,51845,,VNQ
1894,126.49,126.69,126.02,126.27,3086138.0,126.2499,2025-06-25 04:00:00+00:00,29612,,VT
1895,73.37,73.52,73.3,73.51,5373696.0,73.404,2025-06-26 04:00:00+00:00,24690,,BND
1896,608.99,612.31,608.37,611.87,78548361.0,610.4559,2025-06-26 04:00:00+00:00,630338,,SPY
1897,49.14,49.19,49.14,49.17,264543.0,49.1565,2025-06-26 04:00:00+00:00,1173,,VNLA
1898,88.54,88.54,87.18,88.27,5886400.0,87.9792,2025-06-26 04:00:00+00:00,69765,,VNQ
1899,126.89,127.515,126.7407,127.45,2036826.0,127.2277,2025-06-26 04:00:00+00:00,25678,,VT
1900,73.38,73.5499,73.32,73.34,6928663.0,73.3987,2025-06-27 04:00:00+00:00,28025,,BND
1901,612.88,616.39,610.83,614.91,86258398.0,613.9506,2025-06-27 04:00:00+00:00,806398,,SPY
1902,49.17,49.2,49.16,49.18,236563.0,49.1762,2025-06-27 04:00:00+00:00,787,,VNLA
1903,88.29,89.4146,88.14,88.49,3179232.0,88.6952,2025-06-27 04:00:00+00:00,39338,,VNQ
1904,127.8,128.38,127.32,128.0,2292865.0,127.9354,2025-06-27 04:00:00+00:00,30674,,VT
1905,73.51,73.6667,73.45,73.63,6987010.0,73.5604,2025-06-30 04:00:00+00:00,34864,,BND
1906,617.38,619.22,615.04,617.85,92502541.0,617.0305,2025-06-30 04:00:00+00:00,858415,,SPY
1907,49.17,49.22,49.17,49.2,192264.0,49.1987,2025-06-30 04:00:00+00:00,704,,VNLA
1908,88.55,89.095,87.55,89.06,8752477.0,88.4323,2025-06-30 04:00:00+00:00,66311,,VNQ
1909,128.24,128.675,127.99,128.52,4039098.0,128.302,2025-06-30 04:00:00+00:00,44666,,VT
1910,73.39,73.45,73.23,73.34,6286664.0,73.3225,2025-07-01 04:00:00+00:00,31560,,BND
1911,616.36,618.83,615.52,617.65,70030140.0,617.4604,2025-07-01 04:00:00+00:00,746886,,SPY
1912,49.04,49.04,48.98,48.99,336903.0,49.0017,2025-07-01 04:00:00+00:00,907,,VNLA
1913,88.88,90.385,88.77,89.71,5552945.0,89.7027,2025-07-01 04:00:00+00:00,57891,,VNQ
1914,128.28,128.745,128.12,128.53,2137585.0,128.4716,2025-07-01 04:00:00+00:00,32431,,VT
1915,73.165,73.26,73.14,73.26,6342298.0,73.1971,2025-07-02 04:00:00+00:00,38816,,BND
1916,617.24,620.49,616.61,620.45,66510374.0,619.1415,2025-07-02 04:00:00+00:00,679099,,SPY
1917,49.01,49.04,48.995,49.04,238316.0,49.0199,2025-07-02 04:00:00+00:00,999,,VNLA
1918,89.5,90.04,89.1399,89.92,3469822.0,89.652,2025-07-02 04:00:00+00:00,46109,,VNQ
1919,128.32,129.11,128.22,129.11,2313675.0,128.7011,2025-07-02 04:00:00+00:00,32451,,VT
1920,73.13,73.17,73.04,73.08,6428422.0,73.0988,2025-07-03 04:00:00+00:00,24219,,BND
1921,622.45,626.28,622.43,625.34,51065789.0,624.664,2025-07-03 04:00:00+00:00,484826,,SPY
1922,49.02,49.04,49.01,49.02,154679.0,49.0267,2025-07-03 04:00:00+00:00,467,,VNLA
1923,89.98,90.365,89.6717,90.02,2361669.0,90.0742,2025-07-03 04:00:00+00:00,25937,,VNQ
1924,129.36,129.9499,129.36,129.79,1389793.0,129.7751,2025-07-03 04:00:00+00:00,20037,,VT
1925,72.96,73.02,72.79,72.84,8191017.0,72.8703,2025-07-07 04:00:00+00:00,43151,,BND
1926,623.36,624.03,617.87,620.68,74814505.0,620.9041,2025-07-07 04:00:00+00:00,863317,,SPY
1927,49.05,49.05,49.01,49.03,268629.0,49.0188,2025-07-07 04:00:00+00:00,978,,VNLA
1928,89.985,90.49,88.7671,89.25,4467743.0,89.3851,2025-07-07 04:00:00+00:00,48832,,VNQ
1929,129.19,129.44,128.155,128.61,2520716.0,128.8361,2025-07-07 04:00:00+00:00,41184,,VT
1930,72.74,72.8,72.7,72.8,5934155.0,72.7479,2025-07-08 04:00:00+00:00,27165,,BND
1931,621.35,622.11,619.52,620.34,59024585.0,620.6899,2025-07-08 04:00:00+00:00,675760,,SPY
1932,49.02,49.02,49.01,49.02,236353.0,49.0162,2025-07-08 04:00:00+00:00,817,,VNLA
1933,88.98,89.6,88.759,89.12,3631340.0,89.2254,2025-07-08 04:00:00+00:00,42324,,VNQ
1934,128.89,129.17,128.65,128.88,4462136.0,128.9125,2025-07-08 04:00:00+00:00,42862,,VT
1935,72.89,73.1,72.89,73.09,6720579.0,72.9912,2025-07-09 04:00:00+00:00,25252,,BND
1936,622.77,624.72,620.9105,624.06,66113326.0,622.9322,2025-07-09 04:00:00+00:00,735000,,SPY
1937,49.03,49.05,49.02,49.03,520814.0,49.0353,2025-07-09 04:00:00+00:00,1100,,VNLA
1938,89.33,89.4522,88.81,89.19,3836987.0,89.1814,2025-07-09 04:00:00+00:00,40798,,VNQ
1939,129.38,129.65,128.97,129.65,3199202.0,129.4802,2025-07-09 04:00:00+00:00,39118,,VT
1940,73.08,73.11,72.97,73.1,6651307.0,73.0396,2025-07-10 04:00:00+00:00,21912,,BND
1941,624.2,626.8701,623.01,625.82,57528960.0,625.3119,2025-07-10 04:00:00+00:00,648820,,SPY
1942,49.06,49.06,49.03,49.04,235588.0,49.0361,2025-07-10 04:00:00+00:00,664,,VNLA
1943,89.27,90.345,88.98,89.75,5303878.0,89.8356,2025-07-10 04:00:00+00:00,48031,,VNQ
1944,129.62,130.05,129.3225,129.89,2040666.0,129.8566,2025-07-10 04:00:00+00:00,25656,,VT
1945,72.89,72.8991,72.77,72.8,4962515.0,72.8231,2025-07-11 04:00:00+00:00,30270,,BND
1946,622.74,624.86,621.53,623.62,63670226.0,623.8384,2025-07-11 04:00:00+00:00,748955,,SPY
1947,49.07,49.07,49.04,49.06,174468.0,49.0465,2025-07-11 04:00:00+00:00,502,,VNLA
1948,89.11,89.965,88.8,89.76,3987588.0,89.5138,2025-07-11 04:00:00+00:00,44797,,VNQ
1949,129.21,129.445,129.02,129.24,2440924.0,129.2563,2025-07-11 04:00:00+00:00,31332,,VT
1950,72.769,72.8575,72.7,72.79,5624670.0,72.7809,2025-07-14 04:00:00+00:00,33264,,BND
1951,623.16,625.1581,621.7999,624.81,51898518.0,623.957,2025-07-14 04:00:00+00:00,626509,,SPY
1952,49.07,49.1,49.06,49.09,258519.0,49.0683,2025-07-14 04:00:00+00:00,920,,VNLA
1953,89.73,90.355,89.58,90.34,3257330.0,90.1012,2025-07-14 04:00:00+00:00,42244,,VNQ
1954,129.09,129.545,128.94,129.47,1767520.0,129.2812,2025-07-14 04:00:00+00:00,29598,,VT
1955,72.88,72.88,72.5542,72.57,5908535.0,72.6183,2025-07-15 04:00:00+00:00,28623,,BND
1956,627.52,627.86,622.06,622.14,74317260.0,624.3339,2025-07-15 04:00:00+00:00,828422,,SPY
1957,49.07,49.09,49.06,49.06,720162.0,49.0692,2025-07-15 04:00:00+00:00,1526,,VNLA
1958,90.34,90.43,88.835,89.01,4483166.0,89.3997,2025-07-15 04:00:00+00:00,54070,,VNQ
1959,129.99,130.05,128.78,128.81,1771263.0,129.2875,2025-07-15 04:00:00+00:00,28207,,VT
1960,72.7,72.78,72.52,72.71,7875150.0,72.6531,2025-07-16 04:00:00+00:00,29701,,BND
1961,623.74,624.73,618.05,624.22,88987511.0,622.2168,2025-07-16 04:00:00+00:00,961974,,SPY
1962,49.09,49.1,49.0673,49.08,313093.0,49.0876,2025-07-16 04:00:00+00:00,727,,VNLA
1963,89.45,90.0,88.98,89.85,4126536.0,89.6255,2025-07-16 04:00:00+00:00,48752,,VNQ
1964,129.28,129.385,128.2,129.32,3184327.0,129.111,2025-07-16 04:00:00+00:00,31037,,VT
1965,72.72,72.82,72.68,72.73,6857436.0,72.7372,2025-07-17 04:00:00+00:00,27333,,BND
1966,624.4,628.4048,624.18,628.04,68885683.0,626.8168,2025-07-17 04:00:00+00:00,687866,,SPY
1967,49.1,49.11,49.09,49.1,425994.0,49.1056,2025-07-17 04:00:00+00:00,1167,,VNLA
1968,89.78,90.145,89.34,89.75,3406658.0,89.7286,2025-07-17 04:00:00+00:00,44899,,VNQ
1969,129.31,130.07,129.25,129.98,1775937.0,129.7463,2025-07-17 04:00:00+00:00,25844,,VT
1970,72.88,72.9,72.81,72.85,5206946.0,72.8617,2025-07-18 04:00:00+00:00,26786,,BND
1971,629.3,629.47,626.46,627.58,65621645.0,627.7962,2025-07-18 04:00:00+00:00,594585,,SPY
1972,49.14,49.14,49.12,49.13,177853.0,49.1253,2025-07-18 04:00:00+00:00,545,,VNLA
1973,89.95,90.29,89.57,89.94,2523865.0,89.8586,2025-07-18 04:00:00+00:00,35241,,VNQ
1974,130.49,130.49,129.71,129.87,2014719.0,130.0287,2025-07-18 04:00:00+00:00,26139,,VT
1975,73.1,73.1799,73.04,73.06,5338503.0,73.1264,2025-07-21 04:00:00+00:00,29316,,BND
1976,628.77,631.54,628.34,628.77,63374984.0,629.9506,2025-07-21 04:00:00+00:00,709907,,SPY
1977,49.14,49.16,49.13,49.14,231581.0,49.1507,2025-07-21 04:00:00+00:00,853,,VNLA
1978,90.56,90.885,90.1,90.31,3904307.0,90.5058,2025-07-21 04:00:00+00:00,47413,,VNQ
1979,130.27,130.84,130.155,130.19,3618116.0,130.5573,2025-07-21 04:00:00+00:00,29268,,VT
1980,73.1,73.2375,73.0801,73.18,5507318.0,73.1904,2025-07-22 04:00:00+00:00,24114,,BND
1981,629.1,629.73,626.19,628.86,60046288.0,628.3045,2025-07-22 04:00:00+00:00,763949,,SPY
1982,49.18,49.18,49.14,49.16,200707.0,49.1611,2025-07-22 04:00:00+00:00,870,,VNLA
1983,90.58,91.95,90.57,91.86,2684239.0,91.3458,2025-07-22 04:00:00+00:00,38312,,VNQ
1984,130.29,130.615,129.775,130.55,2568454.0,130.292,2025-07-22 04:00:00+00:00,26260,,VT
1985,73.08,73.12,73.0,73.03,5269778.0,73.0561,2025-07-23 04:00:00+00:00,24923,,BND
1986,631.55,634.21,629.73,634.21,70511036.0,631.9947,2025-07-23 04:00:00+00:00,765760,,SPY
1987,49.17,49.17,49.16,49.16,190390.0,49.1654,2025-07-23 04:00:00+00:00,616,,VNLA
1988,92.0,92.18,91.6402,92.04,2981915.0,91.9245,2025-07-23 04:00:00+00:00,48751,,VNQ
1989,131.445,132.05,131.11,132.05,2981270.0,131.5587,2025-07-23 04:00:00+00:00,32428,,VT
1990,72.84,73.036,72.824,72.94,6139228.0,72.9608,2025-07-24 04:00:00+00:00,25827,,BND
1991,634.6,636.15,633.99,634.42,71307134.0,634.9893,2025-07-24 04:00:00+00:00,764249,,SPY
1992,49.14,49.165,49.14,49.15,200650.0,49.1552,2025-07-24 04:00:00+00:00,829,,VNLA
1993,91.86,92.13,91.67,91.72,3236700.0,91.9046,2025-07-24 04:00:00+00:00,52713,,VNQ
1994,131.96,132.075,131.67,131.7,2582309.0,131.9404,2025-07-24 04:00:00+00:00,46833,,VT
1995,72.95,73.12,72.9301,73.12,4846060.0,73.0416,2025-07-25 04:00:00+00:00,26161,,BND
1996,635.09,637.5799,634.84,637.1,56865364.0,636.4027,2025-07-25 04:00:00+00:00,594273,,SPY
1997,49.19,49.19,49.1421,49.175,154662.0,49.169,2025-07-25 04:00:00+00:00,583,,VNLA
1998,91.85,91.87,90.8,91.73,2960669.0,91.476,2025-07-25 04:00:00+00:00,48702,,VNQ
1999,131.49,132.0399,131.4,131.98,1400524.0,131.7454,2025-07-25 04:00:00+00:00,21696,,VT
2000,73.02,73.0499,72.96,73.0,5806889.0,73.0007,2025-07-28 04:00:00+00:00,29091,,BND
2001,637.48,638.04,635.54,636.94,54917102.0,636.8501,2025-07-28 04:00:00+00:00,630214,,SPY
2002,49.15,49.1977,49.15,49.18,204157.0,49.1766,2025-07-28 04:00:00+00:00,732,,VNLA
2003,91.49,91.53,90.195,90.26,2551703.0,90.8723,2025-07-28 04:00:00+00:00,40918,,VNQ
2004,131.67,131.7,131.09,131.32,1877141.0,131.455,2025-07-28 04:00:00+00:00,28676,,VT
2005,73.08,73.39,73.08,73.38,7397877.0,73.248,2025-07-29 04:00:00+00:00,28349,,BND
2006,638.35,638.67,634.335,635.26,60556278.0,636.1089,2025-07-29 04:00:00+00:00,708687,,SPY
2007,49.19,49.2,49.18,49.19,162051.0,49.1909,2025-07-29 04:00:00+00:00,553,,VNLA
2008,90.77,91.81,90.32,91.71,3713824.0,91.302,2025-07-29 04:00:00+00:00,53574,,VNQ
2009,131.63,131.6871,130.92,131.08,2040727.0,131.243,2025-07-29 04:00:00+00:00,24831,,VT
2010,73.19,73.345,73.13,73.19,5554978.0,73.2154,2025-07-30 04:00:00+00:00,26939,,BND
2011,635.92,637.68,631.54,634.46,80418851.0,634.814,2025-07-30 04:00:00+00:00,820333,,SPY
2012,49.19,49.22,49.19,49.19,252826.0,49.1993,2025-07-30 04:00:00+00:00,756,,VNLA
2013,91.67,91.825,89.83,90.41,4408198.0,90.9714,2025-07-30 04:00:00+00:00,61797,,VNQ
2014,131.08,131.38,130.115,130.62,2920033.0,130.7418,2025-07-30 04:00:00+00:00,33745,,VT
2015,73.35,73.3599,73.181,73.2,6463220.0,73.2675,2025-07-31 04:00:00+00:00,27371,,BND
2016,639.455,639.85,630.765,632.08,103385246.0,635.1207,2025-07-31 04:00:00+00:00,1017926,,SPY
2017,49.2,49.22,49.19,49.2,253423.0,49.2054,2025-07-31 04:00:00+00:00,1038,,VNLA
2018,89.9,90.36,89.015,89.14,4823608.0,89.7186,2025-07-31 04:00:00+00:00,73388,,VNQ
2019,131.3,131.3,129.73,129.93,3032940.0,130.5418,2025-07-31 04:00:00+00:00,31461,,VT
2020,73.5,73.6099,73.38,73.59,10782336.0,73.5194,2025-08-01 04:00:00+00:00,35689,,BND
2021,626.3,626.34,619.29,621.72,140103572.0,622.4261,2025-08-01 04:00:00+00:00,1466043,,SPY
2022,49.07,49.085,49.0401,49.08,281121.0,49.0643,2025-08-01 04:00:00+00:00,1020,,VNLA
2023,90.03,90.095,88.29,88.92,5395749.0,88.9449,2025-08-01 04:00:00+00:00,79333,,VNQ
2024,129.08,129.08,127.79,128.41,7426971.0,128.3286,2025-08-01 04:00:00+00:00,73471,,VT
2025,73.625,73.65,73.5,73.64,6834381.0,73.5961,2025-08-04 04:00:00+00:00,35668,,BND
2026,625.67,631.215,625.58,631.17,73218015.0,629.1819,2025-08-04 04:00:00+00:00,802217,,SPY
2027,49.08,49.105,49.07,49.09,479490.0,49.0865,2025-08-04 04:00:00+00:00,1230,,VNLA
2028,89.11,90.055,89.075,89.83,3385713.0,89.7281,2025-08-04 04:00:00+00:00,52249,,VNQ
2029,129.5,130.23,129.35,130.21,2642351.0,129.887,2025-08-04 04:00:00+00:00,38953,,VT
2030,73.56,73.7,73.54,73.67,8145334.0,73.6285,2025-08-05 04:00:00+00:00,32322,,BND
2031,631.79,632.6052,627.04,627.97,68051401.0,629.1136,2025-08-05 04:00:00+00:00,806967,,SPY
2032,49.1,49.1,49.08,49.08,626318.0,49.0865,2025-08-05 04:00:00+00:00,980,,VNLA
2033,89.9,90.335,89.51,90.24,3752663.0,90.0035,2025-08-05 04:00:00+00:00,58277,,VNQ
2034,130.52,130.625,129.6091,129.95,1751894.0,130.0589,2025-08-05 04:00:00+00:00,24273,,VT
2035,73.565,73.6459,73.34,73.61,8082200.0,73.5634,2025-08-06 04:00:00+00:00,32818,,BND
2036,629.05,633.44,628.13,632.78,64357525.0,631.312,2025-08-06 04:00:00+00:00,690531,,SPY
2037,49.1,49.11,49.075,49.11,462093.0,49.0957,2025-08-06 04:00:00+00:00,1277,,VNLA
2038,90.3,90.39,89.5,89.54,3604809.0,89.8564,2025-08-06 04:00:00+00:00,51337,,VNQ
2039,130.36,130.92,130.06,130.8,2104937.0,130.5651,2025-08-06 04:00:00+00:00,25213,,VT
2040,73.7,73.7,73.5328,73.58,4193068.0,73.6226,2025-08-07 04:00:00+00:00,26124,,BND
2041,636.24,636.98,629.11,632.25,74205791.0,632.3977,2025-08-07 04:00:00+00:00,835614,,SPY
2042,49.12,49.12,49.1,49.1,423006.0,49.1095,2025-08-07 04:00:00+00:00,1012,,VNLA
2043,90.0,90.0,89.24,89.8,3345583.0,89.6502,2025-08-07 04:00:00+00:00,48284,,VNQ
2044,131.77,131.88,130.48,131.04,2398660.0,131.1806,2025-08-07 04:00:00+00:00,30850,,VT
2045,73.5,73.5075,73.4,73.42,5566313.0,73.4251,2025-08-08 04:00:00+00:00,24398,,BND
2046,634.06,637.645,633.74,637.18,64051626.0,636.1232,2025-08-08 04:00:00+00:00,705058,,SPY
2047,49.1,49.12,49.1,49.11,359334.0,49.1086,2025-08-08 04:00:00+00:00,1291,,VNLA
2048,89.94,89.99,88.86,89.06,3228809.0,89.4002,2025-08-08 04:00:00+00:00,44958,,VNQ
2049,131.41,131.945,131.37,131.81,1731319.0,131.7268,2025-08-08 04:00:00+00:00,20884,,VT
2050,73.49,73.55,73.44,73.47,8668285.0,73.4923,2025-08-11 04:00:00+00:00,31347,,BND
2051,637.46,638.95,634.66,635.92,58742300.0,636.8003,2025-08-11 04:00:00+00:00,669920,,SPY
2052,49.11,49.13,49.1009,49.11,274300.0,49.1185,2025-08-11 04:00:00+00:00,898,,VNLA
2053,88.71,89.1451,88.435,88.47,2623521.0,88.7144,2025-08-11 04:00:00+00:00,40242,,VNQ
2054,131.91,131.98,131.26,131.46,2595039.0,131.6677,2025-08-11 04:00:00+00:00,27879,,VT
2055,73.39,73.48,73.325,73.48,5493957.0,73.422,2025-08-12 04:00:00+00:00,25437,,BND
2056,638.29,642.85,636.79,642.69,64821798.0,640.6188,2025-08-12 04:00:00+00:00,761232,,SPY
2057,49.13,49.135,49.115,49.13,221467.0,49.1105,2025-08-12 04:00:00+00:00,931,,VNLA
2058,88.74,88.985,88.08,88.97,3240967.0,88.5697,2025-08-12 04:00:00+00:00,43813,,VNQ
2059,132.0,133.03,131.8,133.03,1919770.0,132.4962,2025-08-12 04:00:00+00:00,23001,,VT
2060,73.69,73.78,73.67,73.75,6208874.0,73.7361,2025-08-13 04:00:00+00:00,26859,,BND
2061,644.91,646.19,642.68,644.89,60092790.0,644.218,2025-08-13 04:00:00+00:00,672682,,SPY
2062,49.15,49.1786,49.15,49.168,250939.0,49.1663,2025-08-13 04:00:00+00:00,888,,VNLA
2063,89.16,89.935,88.82,89.8,3577271.0,89.3174,2025-08-13 04:00:00+00:00,43371,,VNQ
2064,133.56,133.75,133.27,133.7,3866845.0,133.4721,2025-08-13 04:00:00+00:00,28529,,VT
2065,73.75,73.75,73.49,73.54,6818486.0,73.5563,2025-08-14 04:00:00+00:00,22931,,BND
2066,642.79,645.62,642.34,644.95,59327466.0,644.2844,2025-08-14 04:00:00+00:00,682668,,SPY
2067,49.16,49.17,49.15,49.16,377810.0,49.1533,2025-08-14 04:00:00+00:00,1220,,VNLA
2068,89.23,89.3772,88.59,89.16,3524506.0,88.9948,2025-08-14 04:00:00+00:00,44316,,VNQ
2069,133.09,133.48,132.8965,133.38,2047649.0,133.1471,2025-08-14 04:00:00+00:00,27733,,VT
2070,73.53,73.588,73.39,73.44,4309079.0,73.4631,2025-08-15 04:00:00+00:00,23445,,BND
2071,645.99,646.09,642.5153,643.44,68592507.0,644.1732,2025-08-15 04:00:00+00:00,637298,,SPY
2072,49.19,49.19,49.16,49.17,392598.0,49.176,2025-08-15 04:00:00+00:00,1341,,VNLA
2073,89.17,89.9199,89.0851,89.67,2399452.0,89.5959,2025-08-15 04:00:00+00:00,36507,,VNQ
2074,133.87,133.87,133.2,133.38,1811972.0,133.4645,2025-08-15 04:00:00+00:00,29102,,VT
2075,73.47,73.6399,73.305,73.36,6941556.0,73.3733,2025-08-18 04:00:00+00:00,30038,,BND
2076,642.86,644.0,642.18,643.3,43804914.0,643.1665,2025-08-18 04:00:00+00:00,583828,,SPY
2077,49.2,49.2,49.18,49.18,199174.0,49.1846,2025-08-18 04:00:00+00:00,669,,VNLA
2078,89.68,89.82,88.88,88.91,2562582.0,89.2166,2025-08-18 04:00:00+00:00,36734,,VNQ
2079,133.37,133.505,133.18,133.45,3238029.0,133.3638,2025-08-18 04:00:00+00:00,36524,,VT
2080,73.44,73.51,73.435,73.5,5098530.0,73.484,2025-08-19 04:00:00+00:00,23610,,BND
2081,643.12,644.105,638.48,639.81,69750731.0,640.7892,2025-08-19 04:00:00+00:00,769488,,SPY
2082,49.19,49.19,49.17,49.18,282031.0,49.1852,2025-08-19 04:00:00+00:00,775,,VNLA
2083,89.38,90.48,89.29,90.44,4168362.0,90.1466,2025-08-19 04:00:00+00:00,45380,,VNQ
2084,133.38,133.665,132.63,132.84,2295910.0,133.0124,2025-08-19 04:00:00+00:00,32729,,VT
2085,73.49,73.6,73.46,73.55,5512795.0,73.54,2025-08-20 04:00:00+00:00,24031,,BND
2086,639.4,639.66,632.95,638.11,88890298.0,636.7957,2025-08-20 04:00:00+00:00,1033790,,SPY
2087,49.19,49.19,49.18,49.18,479878.0,49.1874,2025-08-20 04:00:00+00:00,1184,,VNLA
2088,90.66,91.43,90.435,90.7,2931894.0,90.8203,2025-08-20 04:00:00+00:00,42923,,VNQ
2089,132.91,132.9199,131.86,132.67,3283374.0,132.3901,2025-08-20 04:00:00+00:00,40109,,VT
2090,73.44,73.47,73.29,73.37,5695498.0,73.3597,2025-08-21 04:00:00+00:00,24958,,BND
2091,636.28,637.97,633.81,635.55,54805775.0,635.9556,2025-08-21 04:00:00+00:00,617474,,SPY
2092,49.22,49.22,49.19,49.2,361936.0,49.1981,2025-08-21 04:00:00+00:00,942,,VNLA
2093,90.26,90.76,90.055,90.43,2630017.0,90.3687,2025-08-21 04:00:00+00:00,35019,,VNQ
2094,132.26,132.585,131.92,132.19,1920367.0,132.2504,2025-08-21 04:00:00+00:00,27794,,VT
2095,73.5,73.81,73.48,73.74,5828735.0,73.7247,2025-08-22 04:00:00+00:00,26727,,BND
2096,637.76,646.5,637.25,645.31,84083214.0,644.0776,2025-08-22 04:00:00+00:00,924994,,SPY
2097,49.21,49.26,49.21,49.2565,194375.0,49.246,2025-08-22 04:00:00+00:00,747,,VNLA
2098,91.06,92.615,90.899,92.18,3318891.0,92.1404,2025-08-22 04:00:00+00:00,45513,,VNQ
2099,132.74,134.66,132.6595,134.45,2948373.0,134.1582,2025-08-22 04:00:00+00:00,35180,,VT
2100,73.63,73.72,73.59,73.64,5362095.0,73.6456,2025-08-25 04:00:00+00:00,27194,,BND
2101,644.04,645.29,642.35,642.47,51274332.0,644.0025,2025-08-25 04:00:00+00:00,657583,,SPY
2102,49.24,49.24,49.23,49.24,148376.0,49.2359,2025-08-25 04:00:00+00:00,915,,VNLA
2103,92.01,92.34,91.585,91.65,2968817.0,91.7926,2025-08-25 04:00:00+00:00,38842,,VNQ
2104,134.08,134.26,133.55,133.57,1978012.0,133.9837,2025-08-25 04:00:00+00:00,30474,,VT
2105,73.65,73.7572,73.59,73.73,4648298.0,73.682,2025-08-26 04:00:00+00:00,21386,,BND
2106,642.2,645.51,641.57,645.16,51581565.0,643.6381,2025-08-26 04:00:00+00:00,575104,,SPY
2107,49.25,49.26,49.25,49.25,210694.0,49.2537,2025-08-26 04:00:00+00:00,596,,VNLA
2108,91.62,91.91,91.23,91.41,2739801.0,91.4898,2025-08-26 04:00:00+00:00,34602,,VNQ
2109,133.37,133.96,133.341,133.92,2130550.0,133.5653,2025-08-26 04:00:00+00:00,25451,,VT
2110,73.6573,73.8058,73.5904,73.8,6053945.0,73.7099,2025-08-27 04:00:00+00:00,25141,,BND
2111,644.57,647.37,644.42,646.63,48341069.0,646.202,2025-08-27 04:00:00+00:00,514537,,SPY
2112,49.24,49.265,49.24,49.26,215910.0,49.2558,2025-08-27 04:00:00+00:00,806,,VNLA
2113,91.65,92.23,91.575,91.98,1885825.0,91.9356,2025-08-27 04:00:00+00:00,29574,,VNQ
2114,133.45,134.08,133.38,133.98,1827575.0,133.788,2025-08-27 04:00:00+00:00,24357,,VT
2115,73.79,73.92,73.7604,73.89,5857310.0,73.8607,2025-08-28 04:00:00+00:00,23902,,BND
2116,647.24,649.48,645.34,648.92,61519461.0,647.7387,2025-08-28 04:00:00+00:00,595301,,SPY
2117,49.27,49.28,49.26,49.27,335876.0,49.2715,2025-08-28 04:00:00+00:00,1202,,VNLA
2118,92.01,92.045,91.2,91.74,2525346.0,91.4783,2025-08-28 04:00:00+00:00,30590,,VNQ
2119,134.195,134.59,133.935,134.51,2474661.0,134.3344,2025-08-28 04:00:00+00:00,31985,,VT
2120,73.82,73.8672,73.76,73.8,7736482.0,73.8077,2025-08-29 04:00:00+00:00,28508,,BND
2121,647.47,647.84,643.14,645.05,74522192.0,645.0241,2025-08-29 04:00:00+00:00,747975,,SPY
2122,49.29,49.3,49.27,49.28,187172.0,49.2837,2025-08-29 04:00:00+00:00,861,,VNLA
2123,91.86,92.265,91.78,92.24,2137392.0,92.0314,2025-08-29 04:00:00+00:00,31110,,VNQ
2124,134.03,134.1,133.43,133.77,4013050.0,133.7396,2025-08-29 04:00:00+00:00,38837,,VT
2125,73.34,73.425,73.31,73.4,6222391.0,73.3679,2025-09-02 04:00:00+00:00,39715,,BND
2126,637.5,640.49,634.92,640.27,81983545.0,638.6978,2025-09-02 04:00:00+00:00,903028,,SPY
2127,49.1,49.1,49.08,49.09,171102.0,49.0862,2025-09-02 04:00:00+00:00,849,,VNLA
2128,91.41,91.51,90.39,90.71,3424415.0,90.8917,2025-09-02 04:00:00+00:00,45813,,VNQ
2129,132.31,132.86,131.89,132.81,2749951.0,132.3862,2025-09-02 04:00:00+00:00,50330,,VT
2130,73.45,73.7199,73.44,73.64,6005492.0,73.6422,2025-09-03 04:00:00+00:00,28873,,BND
2131,642.67,644.21,640.46,643.74,70820898.0,642.413,2025-09-03 04:00:00+00:00,818583,,SPY
2132,49.08,49.11,49.08,49.11,352625.0,49.0974,2025-09-03 04:00:00+00:00,917,,VNLA
2133,90.54,90.98,90.4,90.76,2505511.0,90.7058,2025-09-03 04:00:00+00:00,35351,,VNQ
2134,133.17,133.429,132.77,133.3,4118600.0,133.1765,2025-09-03 04:00:00+00:00,36444,,VT
2135,73.8,73.93,73.72,73.92,8842621.0,73.814,2025-09-04 04:00:00+00:00,27916,,BND
2136,644.42,649.15,643.51,649.12,65219228.0,646.6617,2025-09-04 04:00:00+00:00,743467,,SPY
2137,49.1,49.13,49.1,49.12,498177.0,49.1176,2025-09-04 04:00:00+00:00,890,,VNLA
2138,91.04,91.5,90.57,91.44,3689357.0,91.1548,2025-09-04 04:00:00+00:00,36820,,VNQ
2139,133.435,134.26,133.21,134.25,2359376.0,133.7577,2025-09-04 04:00:00+00:00,29680,,VT
2140,74.29,74.37,74.2535,74.27,6321761.0,74.3038,2025-09-05 04:00:00+00:00,31436,,BND
2141,651.48,652.21,643.33,647.24,85178935.0,647.1536,2025-09-05 04:00:00+00:00,988753,,SPY
2142,49.16,49.18,49.16,49.17,411528.0,49.1751,2025-09-05 04:00:00+00:00,1542,,VNLA
2143,92.07,92.92,91.83,92.47,3446103.0,92.2946,2025-09-05 04:00:00+00:00,44157,,VNQ
2144,135.06,135.3,133.655,134.38,9392752.0,134.3479,2025-09-05 04:00:00+00:00,60248,,VT
2145,74.43,74.52,74.41,74.51,6414673.0,74.4713,2025-09-08 04:00:00+00:00,33669,,BND
2146,648.62,649.84,647.23,648.83,63133104.0,648.4359,2025-09-08 04:00:00+00:00,773422,,SPY
2147,49.19,49.19025,49.18,49.18,301785.0,49.186,2025-09-08 04:00:00+00:00,1000,,VNLA
2148,91.54,91.945,91.24,91.93,2880701.0,91.6067,2025-09-08 04:00:00+00:00,40822,,VNQ
2149,134.89,135.205,134.7,135.11,1983632.0,134.9728,2025-09-08 04:00:00+00:00,32200,,VT
2150,74.47,74.5199,74.3013,74.37,6613239.0,74.3916,2025-09-09 04:00:00+00:00,28272,,BND
2151,648.97,650.86,647.22,650.33,66133856.0,649.4358,2025-09-09 04:00:00+00:00,684357,,SPY
2152,49.2,49.2,49.1612,49.17,283561.0,49.1755,2025-09-09 04:00:00+00:00,804,,VNLA
2153,91.67,91.75,91.33,91.72,2533934.0,91.5404,2025-09-09 04:00:00+00:00,36913,,VNQ
2154,135.09,135.32,134.75,135.24,2166794.0,135.0939,2025-09-09 04:00:00+00:00,31106,,VT
2155,74.49,74.62,74.44,74.5,5680852.0,74.5197,2025-09-10 04:00:00+00:00,25115,,BND
2156,653.62,654.55,650.63,652.21,78034529.0,652.617,2025-09-10 04:00:00+00:00,841963,,SPY
2157,49.2,49.2,49.18,49.18,214502.0,49.1941,2025-09-10 04:00:00+00:00,1057,,VNLA
2158,91.73,92.26,91.42,91.57,2242917.0,91.806,2025-09-10 04:00:00+00:00,32773,,VNQ
2159,135.86,136.045,135.25,135.53,2100274.0,135.6607,2025-09-10 04:00:00+00:00,30766,,VT
2160,74.57,74.7567,74.57,74.66,6437156.0,74.6747,2025-09-11 04:00:00+00:00,26261,,BND
2161,654.18,658.33,653.59,657.63,69934360.0,656.5777,2025-09-11 04:00:00+00:00,755221,,SPY
2162,49.18,49.2,49.16,49.19,775087.0,49.1841,2025-09-11 04:00:00+00:00,1349,,VNLA
2163,91.83,93.42,91.75,93.24,2671354.0,92.855,2025-09-11 04:00:00+00:00,34705,,VNQ
2164,136.02,136.95,135.9239,136.87,2223685.0,136.655,2025-09-11 04:00:00+00:00,34959,,VT
2165,74.54,74.58,74.43,74.57,5492955.0,74.5124,2025-09-12 04:00:00+00:00,29128,,BND
2166,657.6,659.11,656.9,657.41,72780135.0,657.88,2025-09-12 04:00:00+00:00,683140,,SPY
2167,49.19,49.24,49.18,49.2,569707.0,49.205,2025-09-12 04:00:00+00:00,1122,,VNLA
2168,93.18,93.335,92.71,92.81,2165627.0,92.9957,2025-09-12 04:00:00+00:00,30681,,VNQ
2169,136.77,136.905,136.505,136.6,1549272.0,136.6971,2025-09-12 04:00:00+00:00,25905,,VT
2170,74.66,74.73,74.65,74.71,7193648.0,74.6941,2025-09-15 04:00:00+00:00,34404,,BND
2171,659.64,661.04,659.34,660.91,63772412.0,660.1911,2025-09-15 04:00:00+00:00,771637,,SPY
2172,49.23,49.237,49.21,49.22,384456.0,49.2206,2025-09-15 04:00:00+00:00,1497,,VNLA
2173,93.11,93.24,92.39,92.66,2754956.0,92.7858,2025-09-15 04:00:00+00:00,40054,,VNQ
2174,137.16,137.385,137.06,137.37,2016973.0,137.2648,2025-09-15 04:00:00+00:00,30849,,VT
2175,74.71,74.77,74.6517,74.72,7012190.0,74.7296,2025-09-16 04:00:00+00:00,28978,,BND
2176,661.47,661.78,659.21,660.0,61168953.0,660.2157,2025-09-16 04:00:00+00:00,755515,,SPY
2177,49.22,49.24,49.22,49.22,164852.0,49.2277,2025-09-16 04:00:00+00:00,726,,VNLA
2178,92.65,92.8,91.91,92.17,3260272.0,92.2291,2025-09-16 04:00:00+00:00,44448,,VNQ
2179,137.61,137.61,137.02,137.32,2512238.0,137.3059,2025-09-16 04:00:00+00:00,25848,,VT
2180,74.8,74.92,74.5262,74.59,8872301.0,74.6984,2025-09-17 04:00:00+00:00,33161,,BND
2181,660.01,661.72,654.3,659.18,101952244.0,658.991,2025-09-17 04:00:00+00:00,1070032,,SPY
2182,49.25,49.3117,49.22,49.24,259467.0,49.2381,2025-09-17 04:00:00+00:00,745,,VNLA
2183,92.45,93.58,91.95,92.05,4570956.0,92.8065,2025-09-17 04:00:00+00:00,52821,,VNQ
2184,137.38,137.91,136.31,137.12,4474368.0,137.2743,2025-09-17 04:00:00+00:00,52366,,VT
2185,74.39,74.4793,74.2901,74.4,7641811.0,74.4045,2025-09-18 04:00:00+00:00,29813,,BND
2186,661.89,664.89,660.27,662.26,90459242.0,662.615,2025-09-18 04:00:00+00:00,951833,,SPY
2187,49.25,49.25,49.15,49.24,511269.0,49.2286,2025-09-18 04:00:00+00:00,1463,,VNLA
2188,92.16,92.645,91.94,92.25,2966135.0,92.3019,2025-09-18 04:00:00+00:00,39049,,VNQ
2189,137.54,138.11,137.2,137.76,2821469.0,137.8141,2025-09-18 04:00:00+00:00,28764,,VT
2190,74.41,74.45,74.34,74.43,5295717.0,74.387,2025-09-19 04:00:00+00:00,25911,,BND
2191,662.33,664.55,660.37,663.7,97945620.0,662.6426,2025-09-19 04:00:00+00:00,842334,,SPY
2192,49.27,49.28,49.26,49.27,194916.0,49.2659,2025-09-19 04:00:00+00:00,777,,VNLA
2193,92.37,92.49,91.65,91.65,3076078.0,91.9765,2025-09-19 04:00:00+00:00,38292,,VNQ
2194,137.49,137.6109,136.95,137.47,2449538.0,137.329,2025-09-19 04:00:00+00:00,31978,,VT
2195,74.39,74.41,74.27,74.29,7814325.0,74.3262,2025-09-22 04:00:00+00:00,38063,,BND
2196,662.2,667.29,662.17,666.84,69452201.0,665.4714,2025-09-22 04:00:00+00:00,795553,,SPY
2197,49.27,49.2882,49.26,49.26,251750.0,49.2655,2025-09-22 04:00:00+00:00,701,,VNLA
2198,91.68,91.8651,91.09,91.67,3646167.0,91.5881,2025-09-22 04:00:00+00:00,47627,,VNQ
2199,137.36,138.0981,137.235,138.03,2562789.0,137.7671,2025-09-22 04:00:00+00:00,31887,,VT
2200,74.37,74.45,74.305,74.44,6492249.0,74.3735,2025-09-23 04:00:00+00:00,28731,,BND
2201,666.72,667.34,661.98,663.21,81708872.0,664.4071,2025-09-23 04:00:00+00:00,896647,,SPY
2202,49.26,49.27,49.26,49.27,495740.0,49.266,2025-09-23 04:00:00+00:00,1062,,VNLA
2203,91.79,92.385,91.67,92.17,3421380.0,92.0557,2025-09-23 04:00:00+00:00,43881,,VNQ
2204,138.21,138.35,137.33,137.51,3087763.0,137.8854,2025-09-23 04:00:00+00:00,36749,,VT
2205,74.37,74.38,74.26,74.29,5158444.0,74.3218,2025-09-24 04:00:00+00:00,24539,,BND
2206,664.51,664.61,659.67,661.1,68082229.0,661.664,2025-09-24 04:00:00+00:00,807609,,SPY
2207,49.29,49.29,49.2599,49.26,305260.0,49.2649,2025-09-24 04:00:00+00:00,892,,VNLA
2208,91.22,91.26,90.385,90.4,2709452.0,90.7083,2025-09-24 04:00:00+00:00,35822,,VNQ
2209,137.51,137.58,136.6853,136.89,2253692.0,137.0898,2025-09-24 04:00:00+00:00,28320,,VT
2210,74.19,74.22,74.07,74.21,7402658.0,74.1533,2025-09-25 04:00:00+00:00,27215,,BND
2211,657.94,659.4056,654.405,658.05,89622067.0,657.5736,2025-09-25 04:00:00+00:00,935968,,SPY
2212,49.25,49.265,49.23,49.24,314137.0,49.2469,2025-09-25 04:00:00+00:00,1083,,VNLA
2213,90.39,90.75,90.06,90.13,4246453.0,90.3181,2025-09-25 04:00:00+00:00,44673,,VNQ
2214,136.21,136.361,135.475,136.12,2857234.0,136.0093,2025-09-25 04:00:00+00:00,41608,,VT
2215,74.22,74.3265,74.15,74.21,5531414.0,74.2105,2025-09-26 04:00:00+00:00,24761,,BND
2216,659.51,662.37,657.88,661.82,69179209.0,660.5907,2025-09-26 04:00:00+00:00,769909,,SPY
2217,49.28,49.29,49.27,49.28,168723.0,49.2757,2025-09-26 04:00:00+00:00,971,,VNLA
2218,90.5,91.18,90.3,91.02,5430815.0,90.8987,2025-09-26 04:00:00+00:00,45520,,VNQ
2219,136.28,136.88,136.13,136.86,2719923.0,136.5437,2025-09-26 04:00:00+00:00,30779,,VT
2220,74.31,74.4362,74.29,74.4,5534451.0,74.392,2025-09-29 04:00:00+00:00,28819,,BND
2221,664.36,665.28,661.86,663.68,73499015.0,663.3939,2025-09-29 04:00:00+00:00,763838,,SPY
2222,49.27,49.29,49.27,49.28,227931.0,49.2798,2025-09-29 04:00:00+00:00,1114,,VNLA
2223,91.12,91.23,90.65,91.05,3155513.0,91.023,2025-09-29 04:00:00+00:00,36418,,VNQ
2224,137.44,137.6,137.095,137.38,2553632.0,137.3748,2025-09-29 04:00:00+00:00,39016,,VT
2225,74.43,74.54,74.34,74.37,8840688.0,74.4207,2025-09-30 04:00:00+00:00,31321,,BND
2226,662.93,666.65,661.61,666.18,86288028.0,664.3153,2025-09-30 04:00:00+00:00,772090,,SPY
2227,49.29,49.32,49.285,49.29,521576.0,49.2956,2025-09-30 04:00:00+00:00,927,,VNLA
2228,91.075,91.49,90.785,91.42,3002844.0,91.1126,2025-09-30 04:00:00+00:00,35747,,VNQ
2229,137.24,137.92,137.015,137.8,2948930.0,137.4086,2025-09-30 04:00:00+00:00,35530,,VT
2230,74.32,74.36,74.21,74.32,8762908.0,74.2864,2025-10-01 04:00:00+00:00,35863,,BND
2231,663.17,669.37,663.06,668.45,72545369.0,666.8924,2025-10-01 04:00:00+00:00,974350,,SPY
2232,49.14,49.1499,49.12,49.13,248937.0,49.1306,2025-10-01 04:00:00+00:00,1129,,VNLA
2233,91.37,91.88,91.245,91.56,2933491.0,91.5255,2025-10-01 04:00:00+00:00,33271,,VNQ
2234,137.66,138.605,137.66,138.51,2029769.0,138.2485,2025-10-01 04:00:00+00:00,32165,,VT
2235,74.29,74.42,74.2536,74.4,7155608.0,74.3608,2025-10-02 04:00:00+00:00,34071,,BND
2236,670.45,670.565,666.78,669.22,56895993.0,668.8385,2025-10-02 04:00:00+00:00,743850,,SPY
2237,49.13,49.14,49.12,49.14,271726.0,49.1292,2025-10-02 04:00:00+00:00,862,,VNLA
2238,91.36,91.36,90.5147,91.08,4186062.0,90.9126,2025-10-02 04:00:00+00:00,39363,,VNQ
2239,138.97,139.0411,138.12,138.71,2271193.0,138.5756,2025-10-02 04:00:00+00:00,32725,,VT
2240,74.42,74.45,74.29,74.31,8372377.0,74.3494,2025-10-03 04:00:00+00:00,38870,,BND
2241,669.99,672.675,668.16,669.21,70494350.0,670.3454,2025-10-03 04:00:00+00:00,895359,,SPY
2242,49.14,49.17,49.14,49.15,326441.0,49.1613,2025-10-03 04:00:00+00:00,922,,VNLA
2243,91.2,92.16,91.2,91.42,2496627.0,91.7356,2025-10-03 04:00:00+00:00,29507,,VNQ
2244,139.13,139.65,138.81,139.08,1941116.0,139.2916,2025-10-03 04:00:00+00:00,32699,,VT
2245,74.17,74.28,74.13,74.14,8688812.0,74.1772,2025-10-06 04:00:00+00:00,46884,,BND
2246,671.62,672.51,669.455,671.61,54623260.0,671.2429,2025-10-06 04:00:00+00:00,873508,,SPY
2247,49.16,49.16,49.15,49.15,264503.0,49.1558,2025-10-06 04:00:00+00:00,966,,VNLA
2248,91.48,91.5,90.525,90.56,4154610.0,90.7411,2025-10-06 04:00:00+00:00,40158,,VNQ
2249,139.62,139.799,139.22,139.58,2162147.0,139.5774,2025-10-06 04:00:00+00:00,35713,,VT
2250,74.22,74.3467,74.19,74.28,7229511.0,74.2787,2025-10-07 04:00:00+00:00,37776,,BND
2251,672.54,672.99,667.67,669.12,72020067.0,669.6622,2025-10-07 04:00:00+00:00,947296,,SPY
2252,49.17,49.17,49.1501,49.16,373331.0,49.1629,2025-10-07 04:00:00+00:00,1171,,VNLA
2253,90.63,90.81,89.845,90.23,4546624.0,90.2032,2025-10-07 04:00:00+00:00,37530,,VNQ
2254,139.58,139.68,138.54,138.72,2614707.0,138.8882,2025-10-07 04:00:00+00:00,36425,,VT
2255,74.4,74.41,74.26,74.28,6298430.0,74.3275,2025-10-08 04:00:00+00:00,26672,,BND
2256,670.25,673.2056,669.42,673.11,60702241.0,672.1243,2025-10-08 04:00:00+00:00,747743,,SPY
2257,49.15,49.18,49.15,49.16,253982.0,49.1707,2025-10-08 04:00:00+00:00,905,,VNLA
2258,89.82,90.095,89.53,89.76,3325065.0,89.8261,2025-10-08 04:00:00+00:00,34446,,VNQ
2259,139.0,139.5,138.86,139.47,1640038.0,139.2826,2025-10-08 04:00:00+00:00,28721,,VT
2260,74.24,74.26,74.1818,74.23,9071047.0,74.2224,2025-10-09 04:00:00+00:00,33281,,BND
2261,673.53,673.94,669.21,671.16,66501941.0,671.0524,2025-10-09 04:00:00+00:00,802889,,SPY
2262,49.17,49.19,49.1,49.17,225230.0,49.1822,2025-10-09 04:00:00+00:00,917,,VNLA
2263,89.93,89.99,89.035,89.27,3123023.0,89.4104,2025-10-09 04:00:00+00:00,41301,,VNQ
2264,139.6,139.63,138.4,138.74,2443821.0,138.8508,2025-10-09 04:00:00+00:00,37003,,VT
2265,74.43,74.58,74.36,74.52,7202569.0,74.4928,2025-10-10 04:00:00+00:00,40653,,BND
2266,672.13,673.95,652.84,653.02,159422589.0,661.4435,2025-10-10 04:00:00+00:00,1778637,,SPY
2267,49.22,49.23,49.2,49.21,318827.0,49.2141,2025-10-10 04:00:00+00:00,926,,VNLA
2268,89.52,89.69,88.09,88.13,3996323.0,88.6066,2025-10-10 04:00:00+00:00,50250,,VNQ
2269,138.83,139.07,135.11,135.16,3920662.0,136.8711,2025-10-10 04:00:00+00:00,58980,,VT
2270,74.539,74.64,74.45,74.64,4358678.0,74.5376,2025-10-13 04:00:00+00:00,37335,,BND
2271,660.65,665.13,659.7679,663.04,79560517.0,662.1901,2025-10-13 04:00:00+00:00,1125900,,SPY
2272,49.18,49.23,49.18,49.22,150990.0,49.2202,2025-10-13 04:00:00+00:00,649,,VNLA
2273,88.21,88.78,88.08,88.69,2810073.0,88.5312,2025-10-13 04:00:00+00:00,37949,,VNQ
2274,136.83,137.565,136.605,137.32,2499794.0,136.9626,2025-10-13 04:00:00+00:00,42399,,VT
2275,74.63,74.78,74.57,74.75,6550097.0,74.6769,2025-10-14 04:00:00+00:00,34254,,BND
2276,657.17,665.83,653.17,662.23,88779560.0,661.0565,2025-10-14 04:00:00+00:00,1177809,,SPY
2277,49.19,49.2399,49.18,49.23,334913.0,49.2194,2025-10-14 04:00:00+00:00,1587,,VNLA
2278,88.57,89.74,88.39,89.6,3047787.0,89.269,2025-10-14 04:00:00+00:00,37456,,VNQ
2279,136.07,137.905,135.48,137.25,3824694.0,137.054,2025-10-14 04:00:00+00:00,44644,,VT
2280,74.765,74.87,74.66,74.7,6264829.0,74.7467,2025-10-15 04:00:00+00:00,33937,,BND
2281,666.82,670.23,658.93,665.17,81702555.0,665.1077,2025-10-15 04:00:00+00:00,1067025,,SPY
2282,49.24,49.24,49.22,49.22,797202.0,49.2271,2025-10-15 04:00:00+00:00,994,,VNLA
2283,89.91,91.16,89.8362,90.9,3026724.0,90.7841,2025-10-15 04:00:00+00:00,34919,,VNQ
2284,138.335,138.88,136.94,138.02,4691420.0,138.2164,2025-10-15 04:00:00+00:00,39899,,VT
2285,74.67,74.9999,74.665,74.98,8485054.0,74.8555,2025-10-16 04:00:00+00:00,33975,,BND
2286,666.82,668.71,657.11,660.64,110563346.0,662.599,2025-10-16 04:00:00+00:00,1443490,,SPY
2287,49.24,49.27,49.23,49.27,469771.0,49.2511,2025-10-16 04:00:00+00:00,1467,,VNLA
2288,91.07,91.425,90.38,90.58,3719168.0,90.8403,2025-10-16 04:00:00+00:00,45398,,VNQ
2289,138.66,138.935,137.02,137.65,3535605.0,137.8904,2025-10-16 04:00:00+00:00,49190,,VT
2290,74.91,74.92,74.81,74.88,20337487.0,74.8593,2025-10-17 04:00:00+00:00,41731,,BND
2291,659.5,665.755,658.14,664.39,96500870.0,661.9558,2025-10-17 04:00:00+00:00,1156217,,SPY
2292,49.28,49.28,49.25,49.27,474762.0,49.2671,2025-10-17 04:00:00+00:00,1370,,VNLA
2293,90.54,91.275,90.26,91.17,2945240.0,90.8866,2025-10-17 04:00:00+00:00,39091,,VNQ
2294,137.3,138.295,136.95,138.08,7243906.0,137.6062,2025-10-17 04:00:00+00:00,58603,,VT
2295,74.95,74.9899,74.91,74.98,6287206.0,74.9513,2025-10-20 04:00:00+00:00,34604,,BND
2296,667.32,672.21,667.27,671.3,60493350.0,670.3723,2025-10-20 04:00:00+00:00,858133,,SPY
2297,49.29,49.3295,49.26,49.27,451081.0,49.2799,2025-10-20 04:00:00+00:00,1444,,VNLA
2298,91.6,92.105,91.385,92.09,2036812.0,91.7824,2025-10-20 04:00:00+00:00,30021,,VNQ
2299,138.795,139.63,138.67,139.45,2800621.0,139.3858,2025-10-20 04:00:00+00:00,38345,,VT
2300,75.095,75.15,75.05,75.07,6179948.0,75.0872,2025-10-21 04:00:00+00:00,33844,,BND
2301,671.44,672.99,669.981,671.29,56249034.0,671.7072,2025-10-21 04:00:00+00:00,831024,,SPY
2302,49.27,49.2866,49.27,49.27,499884.0,49.2751,2025-10-21 04:00:00+00:00,1918,,VNLA
2303,92.0,92.445,91.675,91.83,2829840.0,91.9914,2025-10-21 04:00:00+00:00,32126,,VNQ
2304,139.27,139.4444,138.83,139.09,1680864.0,139.1798,2025-10-21 04:00:00+00:00,29894,,VT
2305,75.03,75.08,74.97,75.07,7164496.0,75.0318,2025-10-22 04:00:00+00:00,34114,,BND
2306,672.0,672.0,663.3,667.8,80564006.0,667.9078,2025-10-22 04:00:00+00:00,963659,,SPY
2307,49.29,49.3,49.28,49.285,291728.0,49.2897,2025-10-22 04:00:00+00:00,1035,,VNLA
2308,92.105,92.37,91.685,92.22,2490784.0,92.1312,2025-10-22 04:00:00+00:00,30309,,VNQ
2309,139.18,139.27,137.69,138.49,2137699.0,138.5458,2025-10-22 04:00:00+00:00,37202,,VT
2310,74.99,75.02,74.9011,74.92,6041657.0,74.9628,2025-10-23 04:00:00+00:00,31590,,BND
2311,668.12,672.7101,667.8,671.76,65604461.0,670.7669,2025-10-23 04:00:00+00:00,767072,,SPY
2312,49.3,49.3,49.26,49.27,1475657.0,49.2663,2025-10-23 04:00:00+00:00,1641,,VNLA
2313,92.32,92.57,91.39,92.16,2686972.0,91.9851,2025-10-23 04:00:00+00:00,31157,,VNQ
2314,138.63,139.625,138.63,139.4,1688081.0,139.1815,2025-10-23 04:00:00+00:00,29799,,VT
2315,75.04,75.046,74.9144,75.02,6912339.0,75.002,2025-10-24 04:00:00+00:00,31389,,BND
2316,676.46,678.47,675.65,677.25,74356527.0,676.8686,2025-10-24 04:00:00+00:00,762628,,SPY
2317,49.3,49.32,49.29,49.29,462538.0,49.3073,2025-10-24 04:00:00+00:00,948,,VNLA
2318,92.82,92.93,92.43,92.43,2619502.0,92.6819,2025-10-24 04:00:00+00:00,28595,,VNQ
2319,140.17,140.56,140.1,140.28,1490247.0,140.3739,2025-10-24 04:00:00+00:00,27035,,VT
2320,74.96,75.06,74.89,75.06,7706623.0,74.9865,2025-10-27 04:00:00+00:00,41359,,BND
2321,682.73,685.54,682.115,685.24,63339790.0,683.7288,2025-10-27 04:00:00+00:00,811759,,SPY
2322,49.32,49.32,49.3,49.31,294107.0,49.3047,2025-10-27 04:00:00+00:00,1223,,VNLA
2323,92.49,92.725,92.08,92.69,2921989.0,92.515,2025-10-27 04:00:00+00:00,34598,,VNQ
2324,141.27,141.735,141.235,141.68,2165640.0,141.4359,2025-10-27 04:00:00+00:00,37111,,VT
2325,75.04,75.12,75.01,75.1,7399731.0,75.0737,2025-10-28 04:00:00+00:00,34044,,BND
2326,687.05,688.905,684.83,687.06,61738073.0,686.7871,2025-10-28 04:00:00+00:00,759681,,SPY
2327,49.32,49.33,49.31,49.33,391106.0,49.3257,2025-10-28 04:00:00+00:00,1102,,VNLA
2328,92.47,92.47,90.8001,90.87,4636016.0,91.1249,2025-10-28 04:00:00+00:00,50252,,VNQ
2329,141.8,142.09,141.42,141.78,2213560.0,141.7604,2025-10-28 04:00:00+00:00,30973,,VT
2330,75.065,75.08,74.71,74.73,8938694.0,74.934,2025-10-29 04:00:00+00:00,52853,,BND
2331,688.72,689.7,682.87,687.39,85362207.0,687.1791,2025-10-29 04:00:00+00:00,1044901,,SPY
2332,49.35,49.35,49.3,49.31,347249.0,49.3252,2025-10-29 04:00:00+00:00,1287,,VNLA
2333,90.2,90.36,88.23,88.53,5650116.0,89.1701,2025-10-29 04:00:00+00:00,62253,,VNQ
2334,142.17,142.2099,140.84,141.59,3234364.0,141.7573,2025-10-29 04:00:00+00:00,53273,,VT
2335,74.51,74.7199,74.5,74.6,7109490.0,74.6195,2025-10-30 04:00:00+00:00,36634,,BND
2336,683.9,685.94,679.83,679.83,76335751.0,682.9412,2025-10-30 04:00:00+00:00,971938,,SPY
2337,49.31,49.3156,49.3,49.31,246640.0,49.304,2025-10-30 04:00:00+00:00,931,,VNLA
2338,88.46,89.55,88.2,88.95,5183182.0,89.0765,2025-10-30 04:00:00+00:00,63097,,VNQ
2339,140.8,141.275,140.315,140.34,5374260.0,140.8806,2025-10-30 04:00:00+00:00,59567,,VT
2340,74.66,74.68,74.54,74.58,7106704.0,74.5932,2025-10-31 04:00:00+00:00,33553,,BND
2341,685.04,685.08,679.24,682.06,87164122.0,682.5159,2025-10-31 04:00:00+00:00,990900,,SPY
2342,49.34,49.4367,49.31,49.33,413203.0,49.3225,2025-10-31 04:00:00+00:00,1051,,VNLA
2343,88.5,89.475,88.17,89.18,3982699.0,88.9906,2025-10-31 04:00:00+00:00,46055,,VNQ
2344,140.99,140.99,139.97,140.59,2427011.0,140.591,2025-10-31 04:00:00+00:00,43488,,VT
2345,74.235,74.29,74.165,74.25,7085098.0,74.22,2025-11-03 05:00:00+00:00,48897,,BND
2346,685.67,685.8,679.94,683.34,57315025.0,682.9313,2025-11-03 05:00:00+00:00,870106,,SPY
2347,49.16,49.16,49.12,49.14,270103.0,49.128,2025-11-03 05:00:00+00:00,1068,,VNLA
2348,88.203,89.145,87.86,89.05,4522882.0,88.5512,2025-11-03 05:00:00+00:00,47694,,VNQ
2349,141.1,141.18,140.09,140.76,2903097.0,140.6517,2025-11-03 05:00:00+00:00,44060,,VT
2350,74.26,74.37,74.24,74.29,11476211.0,74.3156,2025-11-04 05:00:00+00:00,42000,,BND
2351,676.11,679.96,674.58,675.24,78426969.0,676.8211,2025-11-04 05:00:00+00:00,1140117,,SPY
2352,49.14,49.14,49.1242,49.14,263990.0,49.1357,2025-11-04 05:00:00+00:00,823,,VNLA
2353,89.235,89.325,88.76,89.2,4058678.0,89.0866,2025-11-04 05:00:00+00:00,44066,,VNQ
2354,139.25,139.92,138.9,138.99,2352329.0,139.2957,2025-11-04 05:00:00+00:00,45199,,VT
2355,74.24,74.26,74.0435,74.08,10862842.0,74.1145,2025-11-05 05:00:00+00:00,41309,,BND
2356,674.98,680.86,674.17,677.58,74402376.0,677.9967,2025-11-05 05:00:00+00:00,904366,,SPY
2357,49.14,49.15,49.1351,49.14,343998.0,49.1431,2025-11-05 05:00:00+00:00,871,,VNLA
2358,89.48,89.57,88.735,89.28,2886259.0,89.2453,2025-11-05 05:00:00+00:00,37582,,VNQ
2359,139.035,140.245,138.96,139.75,2283451.0,139.7429,2025-11-05 05:00:00+00:00,37023,,VT
2360,74.295,74.4,74.28,74.37,6461208.0,74.3569,2025-11-06 05:00:00+00:00,33160,,BND
2361,676.47,677.38,668.72,670.31,85035298.0,672.3683,2025-11-06 05:00:00+00:00,1184829,,SPY
2362,49.18,49.18,49.1503,49.17,703106.0,49.1676,2025-11-06 05:00:00+00:00,1285,,VNLA
2363,89.19,89.55,88.815,88.85,3421589.0,89.1445,2025-11-06 05:00:00+00:00,39836,,VNQ
2364,139.6,139.78,138.18,138.5,3046878.0,138.8088,2025-11-06 05:00:00+00:00,55097,,VT
2365,74.26,74.4299,74.26,74.33,7073176.0,74.3539,2025-11-07 05:00:00+00:00,36191,,BND
2366,667.91,671.08,661.205,670.97,100592443.0,666.6653,2025-11-07 05:00:00+00:00,1399072,,SPY
2367,49.18,49.1879,49.16,49.18,443662.0,49.1703,2025-11-07 05:00:00+00:00,1753,,VNLA
2368,89.04,90.25,88.94,90.23,5277948.0,89.7476,2025-11-07 05:00:00+00:00,53367,,VNQ
2369,138.11,138.86,136.9001,138.83,2999428.0,137.9298,2025-11-07 05:00:00+00:00,52778,,VT
2370,74.315,74.37,74.28,74.31,7235146.0,74.3154,2025-11-10 05:00:00+00:00,40035,,BND
2371,677.235,682.18,675.03,681.44,75842888.0,679.1143,2025-11-10 05:00:00+00:00,1141759,,SPY
2372,49.18,49.1897,49.17,49.18,290111.0,49.177,2025-11-10 05:00:00+00:00,1064,,VNLA
2373,90.02,90.5755,89.645,90.18,3398185.0,90.0771,2025-11-10 05:00:00+00:00,37632,,VNQ
2374,140.04,140.905,139.6,140.77,4168695.0,140.2633,2025-11-10 05:00:00+00:00,43453,,VT
2375,74.46,74.53,74.42,74.52,5229393.0,74.4885,2025-11-11 05:00:00+00:00,32521,,BND
2376,679.95,683.57,678.73,683.0,58953385.0,681.7125,2025-11-11 05:00:00+00:00,828375,,SPY
2377,49.18,49.19,49.17,49.19,228705.0,49.1856,2025-11-11 05:00:00+00:00,1081,,VNLA
2378,90.51,91.26,90.49,91.19,3190422.0,90.9516,2025-11-11 05:00:00+00:00,45731,,VNQ
2379,140.655,141.33,140.5,141.15,2296927.0,140.9846,2025-11-11 05:00:00+00:00,32631,,VT
2380,74.48,74.54,74.44,74.49,7129742.0,74.4892,2025-11-12 05:00:00+00:00,32349,,BND
2381,684.79,684.96,680.945,683.38,62312484.0,683.1121,2025-11-12 05:00:00+00:00,995928,,SPY
2382,49.21,49.21,49.19,49.19,316721.0,49.1989,2025-11-12 05:00:00+00:00,799,,VNLA
2383,90.75,91.17,90.48,90.51,3652436.0,90.7892,2025-11-12 05:00:00+00:00,38333,,VNQ
2384,141.55,141.63,141.11,141.49,2500439.0,141.4364,2025-11-12 05:00:00+00:00,29695,,VT
2385,74.355,74.41,74.27,74.27,7105106.0,74.3288,2025-11-13 05:00:00+00:00,32378,,BND
2386,680.5,680.86,670.52,672.04,103457788.0,674.7104,2025-11-13 05:00:00+00:00,1420394,,SPY
2387,49.18,49.22,49.18,49.21,412731.0,49.2035,2025-11-13 05:00:00+00:00,1231,,VNLA
2388,90.03,90.405,89.255,89.4,3734640.0,89.7899,2025-11-13 05:00:00+00:00,43427,,VNQ
2389,141.08,141.16,139.06,139.29,3749879.0,140.0617,2025-11-13 05:00:00+00:00,50681,,VT
2390,74.4,74.415,74.16,74.16,6473412.0,74.2284,2025-11-14 05:00:00+00:00,34381,,BND
2391,665.38,675.66,663.265,671.93,96846672.0,671.2905,2025-11-14 05:00:00+00:00,1468545,,SPY
2392,49.24,49.24,49.2136,49.22,237415.0,49.2249,2025-11-14 05:00:00+00:00,1005,,VNLA
2393,89.63,89.74,89.1,89.59,3662866.0,89.4784,2025-11-14 05:00:00+00:00,50824,,VNQ
2394,138.135,139.9582,137.73,139.24,3513612.0,139.0529,2025-11-14 05:00:00+00:00,60763,,VT
2395,74.21,74.28,74.19,74.2,6908725.0,74.2318,2025-11-17 05:00:00+00:00,38837,,BND
2396,669.7,673.71,662.17,665.67,90456105.0,667.7411,2025-11-17 05:00:00+00:00,1485606,,SPY
2397,49.2,49.22,49.2,49.21,356978.0,49.2094,2025-11-17 05:00:00+00:00,1433,,VNLA
2398,89.83,89.8468,88.6,88.85,4072182.0,89.2311,2025-11-17 05:00:00+00:00,48977,,VNQ
2399,138.65,139.295,137.07,137.71,5049661.0,138.492,2025-11-17 05:00:00+00:00,59575,,VT
2400,74.33,74.38,74.18,74.26,8009243.0,74.2711,2025-11-18 05:00:00+00:00,36035,,BND
2401,662.095,665.12,655.86,660.08,114467488.0,661.279,2025-11-18 05:00:00+00:00,1760650,,SPY
2402,49.21,49.2476,49.21,49.23,358726.0,49.2257,2025-11-18 05:00:00+00:00,1044,,VNLA
2403,88.81,89.465,88.57,89.21,4281473.0,89.1012,2025-11-18 05:00:00+00:00,56150,,VNQ
2404,136.75,137.44,135.705,136.68,6751865.0,136.6717,2025-11-18 05:00:00+00:00,76710,,VT
2405,74.34,74.365,74.2,74.23,7527455.0,74.2817,2025-11-19 05:00:00+00:00,33932,,BND
2406,660.78,667.34,658.745,662.63,94702955.0,662.5886,2025-11-19 05:00:00+00:00,1420436,,SPY
2407,49.24,49.24,49.22,49.23,238498.0,49.2247,2025-11-19 05:00:00+00:00,1162,,VNLA
2408,89.2,89.3,88.215,88.51,4029845.0,88.6454,2025-11-19 05:00:00+00:00,52860,,VNQ
2409,136.64,137.7,136.07,136.82,3084111.0,136.8341,2025-11-19 05:00:00+00:00,47451,,VT
2410,74.31,74.3999,74.2935,74.34,8461082.0,74.3387,2025-11-20 05:00:00+00:00,33025,,BND
2411,672.91,675.56,651.89,652.53,165293521.0,661.2758,2025-11-20 05:00:00+00:00,2439639,,SPY
2412,49.24,49.25,49.12,49.2,417782.0,49.2345,2025-11-20 05:00:00+00:00,1518,,VNLA
2413,89.07,89.57,88.105,88.14,5317008.0,88.7721,2025-11-20 05:00:00+00:00,63489,,VNQ
2414,138.51,138.88,134.6701,134.73,8104211.0,136.5077,2025-11-20 05:00:00+00:00,114989,,VT
2415,74.545,74.55,74.4,74.52,6818362.0,74.4838,2025-11-21 05:00:00+00:00,32740,,BND
2416,655.05,664.55,650.85,659.03,123956203.0,657.6147,2025-11-21 05:00:00+00:00,1714976,,SPY
2417,49.24,49.27,49.24,49.27,442522.0,49.2569,2025-11-21 05:00:00+00:00,1204,,VNLA
2418,88.66,89.895,88.38,89.57,5770477.0,89.373,2025-11-21 05:00:00+00:00,57031,,VNQ
2419,135.28,137.01,134.48,136.15,4733928.0,135.6174,2025-11-21 05:00:00+00:00,84192,,VT
2420,74.62,74.68,74.5501,74.65,5734438.0,74.6203,2025-11-24 05:00:00+00:00,36711,,BND
2421,662.69,670.06,661.59,668.73,80437940.0,667.4108,2025-11-24 05:00:00+00:00,1079031,,SPY
2422,49.26,49.28,49.25,49.275,420274.0,49.2683,2025-11-24 05:00:00+00:00,1359,,VNLA
2423,89.64,89.94,89.09,89.81,3331007.0,89.6807,2025-11-24 05:00:00+00:00,49401,,VNQ
2424,136.6,137.9,136.4,137.8,4782977.0,137.4907,2025-11-24 05:00:00+00:00,45030,,VT
2425,74.7,74.8899,74.7,74.82,7446483.0,74.8027,2025-11-25 05:00:00+00:00,31300,,BND
2426,668.63,676.21,664.48,675.02,81077088.0,671.8547,2025-11-25 05:00:00+00:00,1114924,,SPY
2427,49.28,49.29,49.27,49.28,310150.0,49.2825,2025-11-25 05:00:00+00:00,1142,,VNLA
2428,90.05,91.035,90.05,90.64,4230357.0,90.7625,2025-11-25 05:00:00+00:00,45807,,VNQ
2429,137.85,139.235,137.11,139.08,2834744.0,138.3413,2025-11-25 05:00:00+00:00,38712,,VT
2430,74.78,74.9,74.68,74.9,7327056.0,74.8265,2025-11-26 05:00:00+00:00,32672,,BND
2431,677.63,681.7,676.72,679.68,71879597.0,679.6137,2025-11-26 05:00:00+00:00,881264,,SPY
2432,49.27,49.29,49.264,49.28,289649.0,49.2778,2025-11-26 05:00:00+00:00,813,,VNLA
2433,90.43,91.57,90.39,91.04,3297995.0,91.2589,2025-11-26 05:00:00+00:00,33062,,VNQ
2434,139.64,140.53,139.5,140.22,4283875.0,140.2583,2025-11-26 05:00:00+00:00,38390,,VT
2435,74.86,74.88,74.705,74.78,4812064.0,74.7795,2025-11-28 05:00:00+00:00,27420,,BND
2436,680.86,683.665,680.5,683.39,49212030.0,682.1527,2025-11-28 05:00:00+00:00,568720,,SPY
2437,49.29,49.32,49.29,49.31,135189.0,49.303,2025-11-28 05:00:00+00:00,503,,VNLA
2438,90.93,91.6,90.93,91.34,1627090.0,91.3888,2025-11-28 05:00:00+00:00,20023,,VNQ
2439,140.33,140.94,140.27,140.89,1657571.0,140.6153,2025-11-28 05:00:00+00:00,27233,,VT
2440,74.27,74.3,74.21,74.25,6891545.0,74.2494,2025-12-01 05:00:00+00:00,48345,,BND
2441,678.81,682.99,678.74,680.27,61201193.0,680.9196,2025-12-01 05:00:00+00:00,822174,,SPY
2442,49.1,49.11,49.09,49.11,331377.0,49.0966,2025-12-01 05:00:00+00:00,1353,,VNLA
2443,90.45,90.81,90.225,90.29,3120840.0,90.4725,2025-12-01 05:00:00+00:00,38808,,VNQ
2444,140.17,140.845,140.07,140.22,2804120.0,140.3959,2025-12-01 05:00:00+00:00,47611,,VT
2445,74.25,74.36,74.22,74.32,6756934.0,74.2929,2025-12-02 05:00:00+00:00,36520,,BND
2446,681.92,683.82,679.3275,681.53,62953844.0,681.7044,2025-12-02 05:00:00+00:00,828603,,SPY
2447,49.12,49.14,49.12,49.14,615443.0,49.131,2025-12-02 05:00:00+00:00,1367,,VNLA
2448,90.52,90.64,89.68,89.97,2737085.0,89.9997,2025-12-02 05:00:00+00:00,36900,,VNQ
2449,140.66,140.8,140.05,140.48,1996445.0,140.5177,2025-12-02 05:00:00+00:00,34517,,VT
2450,74.41,74.47,74.34,74.43,9774004.0,74.4153,2025-12-03 05:00:00+00:00,36646,,BND
2451,680.57,684.91,679.69,683.89,57238481.0,682.9448,2025-12-03 05:00:00+00:00,728672,,SPY
2452,49.13,49.14,49.12,49.13,353762.0,49.1305,2025-12-03 05:00:00+00:00,1198,,VNLA
2453,89.86,90.42,89.8051,90.2,3204263.0,90.0539,2025-12-03 05:00:00+00:00,30720,,VNQ
2454,140.35,141.2,140.24,141.06,2790205.0,140.876,2025-12-03 05:00:00+00:00,35163,,VT
2455,74.36,74.37,74.255,74.29,7337759.0,74.302,2025-12-04 05:00:00+00:00,36756,,BND
2456,685.3,685.37,681.34,684.39,61970336.0,683.6776,2025-12-04 05:00:00+00:00,850813,,SPY
2457,49.14,49.14,49.13,49.14,378514.0,49.134,2025-12-04 05:00:00+00:00,1291,,VNLA
2458,90.025,90.59,89.865,89.98,4837544.0,90.0983,2025-12-04 05:00:00+00:00,40496,,VNQ
2459,141.5,141.55,140.835,141.28,3958170.0,141.191,2025-12-04 05:00:00+00:00,34320,,VT
2460,74.31,74.33,74.15,74.2,7270931.0,74.2101,2025-12-05 05:00:00+00:00,37078,,BND
2461,685.47,688.39,684.58,685.69,79241045.0,686.0027,2025-12-05 05:00:00+00:00,920639,,SPY
2462,49.16,49.17,49.13,49.14,1029665.0,49.1471,2025-12-05 05:00:00+00:00,2128,,VNLA
2463,89.82,90.35,89.72,89.88,3859884.0,90.0465,2025-12-05 05:00:00+00:00,36051,,VNQ
2464,141.7,142.155,141.385,141.56,3904467.0,141.6915,2025-12-05 05:00:00+00:00,38409,,VT
2465,74.2,74.21,73.98,74.09,8585743.0,74.0545,2025-12-08 05:00:00+00:00,43093,,BND
2466,686.59,686.64,681.57,683.63,55231462.0,683.7558,2025-12-08 05:00:00+00:00,972851,,SPY
2467,49.13,49.15,49.13,49.15,326385.0,49.1365,2025-12-08 05:00:00+00:00,1218,,VNLA
2468,89.92,89.92,89.15,89.19,3971844.0,89.4389,2025-12-08 05:00:00+00:00,38760,,VNQ
2469,141.78,141.78,140.81,141.13,3192040.0,141.2211,2025-12-08 05:00:00+00:00,38524,,VT
2470,74.21,74.21,74.0101,74.04,6665233.0,74.0756,2025-12-09 05:00:00+00:00,32713,,BND
2471,683.15,685.385,682.59,683.04,58310055.0,683.7322,2025-12-09 05:00:00+00:00,890130,,SPY
2472,49.16,49.16,49.14,49.15,328184.0,49.1477,2025-12-09 05:00:00+00:00,1201,,VNLA
2473,89.44,89.98,88.82,88.85,4194036.0,89.2522,2025-12-09 05:00:00+00:00,43118,,VNQ
2474,141.02,141.47,140.92,140.97,2519678.0,141.1533,2025-12-09 05:00:00+00:00,31023,,VT
2475,74.01,74.27,74.0,74.26,8771110.0,74.1502,2025-12-10 05:00:00+00:00,35152,,BND
2476,682.56,688.97,681.31,687.57,85671334.0,685.3558,2025-12-10 05:00:00+00:00,1116986,,SPY
2477,49.14,49.19,49.14,49.19,440196.0,49.1646,2025-12-10 05:00:00+00:00,1676,,VNLA
2478,89.13,89.81,89.01,89.17,4633433.0,89.3419,2025-12-10 05:00:00+00:00,47168,,VNQ
2479,141.01,142.48,140.82,142.17,4262287.0,141.3691,2025-12-10 05:00:00+00:00,47219,,VT
2480,74.405,74.43,74.24,74.26,8924551.0,74.324,2025-12-11 05:00:00+00:00,32961,,BND
2481,685.14,689.25,682.165,689.17,86173678.0,687.0818,2025-12-11 05:00:00+00:00,1091888,,SPY
2482,49.19,49.2,49.19,49.2,336753.0,49.1968,2025-12-11 05:00:00+00:00,961,,VNLA
2483,89.43,89.92,89.26,89.56,5207398.0,89.5347,2025-12-11 05:00:00+00:00,49991,,VNQ
2484,141.91,142.655,141.405,142.56,3182517.0,142.1755,2025-12-11 05:00:00+00:00,47056,,VT
2485,74.045,74.0858,74.01,74.03,8117594.0,74.0401,2025-12-12 05:00:00+00:00,35243,,BND
2486,688.17,688.88,679.1744,681.76,113160347.0,683.132,2025-12-12 05:00:00+00:00,1436024,,SPY
2487,49.21,49.21,49.2,49.21,236504.0,49.2046,2025-12-12 05:00:00+00:00,740,,VNLA
2488,89.95,90.27,89.23,89.45,3855912.0,89.5678,2025-12-12 05:00:00+00:00,47788,,VNQ
2489,142.62,142.6443,140.695,141.22,3720736.0,141.6108,2025-12-12 05:00:00+00:00,54443,,VT
2490,74.17,74.235,74.08,74.12,10495849.0,74.1285,2025-12-15 05:00:00+00:00,44921,,BND
2491,685.74,685.76,679.25,680.73,90810952.0,681.4178,2025-12-15 05:00:00+00:00,1453102,,SPY
2492,49.22,49.23,49.21,49.22,303690.0,49.2212,2025-12-15 05:00:00+00:00,920,,VNLA
2493,89.82,89.88,89.095,89.73,3915126.0,89.506,2025-12-15 05:00:00+00:00,52481,,VNQ
2494,142.12,142.2,141.0,141.22,3988206.0,141.4677,2025-12-15 05:00:00+00:00,49504,,VT
2495,74.12,74.27,74.06,74.26,6999456.0,74.2003,2025-12-16 05:00:00+00:00,36028,,BND
2496,679.23,681.08,674.98,678.87,122030631.0,678.659,2025-12-16 05:00:00+00:00,1412023,,SPY
2497,49.21,49.23,49.21,49.23,317740.0,49.2256,2025-12-16 05:00:00+00:00,1078,,VNLA
2498,89.65,89.9799,88.925,89.07,3717881.0,89.3132,2025-12-16 05:00:00+00:00,54640,,VNQ
2499,140.91,141.17,140.035,140.68,3710006.0,140.5874,2025-12-16 05:00:00+00:00,54101,,VT
2500,74.18,74.27,74.17,74.24,10071296.0,74.217,2025-12-17 05:00:00+00:00,34760,,BND
2501,679.89,680.435,671.195,671.4,110625198.0,674.3895,2025-12-17 05:00:00+00:00,1388728,,SPY
2502,49.22,49.24,49.22,49.23,497766.0,49.2281,2025-12-17 05:00:00+00:00,1051,,VNLA
2503,88.99,89.76,88.975,89.4,3715500.0,89.4541,2025-12-17 05:00:00+00:00,50741,,VNQ
2504,140.85,141.0,139.33,139.39,2634978.0,140.0303,2025-12-17 05:00:00+00:00,51912,,VT
2505,74.15,74.1962,74.085,74.15,6940506.0,74.1423,2025-12-18 05:00:00+00:00,32116,,BND
2506,677.6,680.74,674.9,676.47,108650128.0,677.3489,2025-12-18 05:00:00+00:00,1510342,,SPY
2507,49.25,49.26,49.22,49.26,292066.0,49.2508,2025-12-18 05:00:00+00:00,798,,VNLA
2508,89.84,89.99,88.83,88.93,3818063.0,89.2497,2025-12-18 05:00:00+00:00,52572,,VNQ
2509,140.61,141.27,140.1769,140.44,2187032.0,140.7125,2025-12-18 05:00:00+00:00,39420,,VT
2510,74.07,74.13,74.02,74.04,7540430.0,74.0668,2025-12-19 05:00:00+00:00,36290,,BND
2511,676.59,681.09,676.47,680.59,103599543.0,679.5765,2025-12-19 05:00:00+00:00,1113777,,SPY
2512,49.27,49.27,49.2536,49.27,237202.0,49.2636,2025-12-19 05:00:00+00:00,685,,VNLA
2513,88.67,89.1699,88.55,88.59,4162336.0,88.7947,2025-12-19 05:00:00+00:00,48351,,VNQ
2514,139.9,140.755,139.86,140.5,3108585.0,140.4079,2025-12-19 05:00:00+00:00,42163,,VT
2515,74.03,74.04,73.97,74.02,9855296.0,74.0067,2025-12-22 05:00:00+00:00,45603,,BND
2516,683.94,685.36,680.5868,684.83,69556733.0,684.369,2025-12-22 05:00:00+00:00,806680,,SPY
2517,49.08,49.08,49.07,49.07,282410.0,49.0752,2025-12-22 05:00:00+00:00,1343,,VNLA
2518,87.65,88.365,87.475,88.24,3594008.0,88.1291,2025-12-22 05:00:00+00:00,44327,,VNQ
2519,141.23,141.475,140.97,141.34,3065822.0,141.2386,2025-12-22 05:00:00+00:00,41536,,VT
2520,73.86,74.02,73.85,74.01,10188700.0,73.9687,2025-12-23 05:00:00+00:00,42499,,BND
2521,683.92,688.2,683.87,687.96,64839951.0,686.8839,2025-12-23 05:00:00+00:00,710909,,SPY
2522,49.07,49.09,49.0601,49.085,216507.0,49.0778,2025-12-23 05:00:00+00:00,867,,VNLA
2523,88.28,88.28,87.865,88.18,3955916.0,88.0515,2025-12-23 05:00:00+00:00,42303,,VNQ
2524,141.45,142.05,141.375,142.01,2762577.0,141.744,2025-12-23 05:00:00+00:00,36286,,VT
2525,74.08,74.195,74.05,74.19,5341691.0,74.1156,2025-12-24 05:00:00+00:00,28416,,BND
2526,687.95,690.83,687.8,690.38,39445560.0,689.7446,2025-12-24 05:00:00+00:00,439656,,SPY
2527,49.1,49.1,49.08,49.09,226065.0,49.0875,2025-12-24 05:00:00+00:00,692,,VNLA
2528,88.21,88.91,88.21,88.76,2730765.0,88.6817,2025-12-24 05:00:00+00:00,24942,,VNQ
2529,142.04,142.46,142.01,142.36,1430057.0,142.2513,2025-12-24 05:00:00+00:00,23227,,VT
2530,74.25,74.2799,74.14,74.19,6730489.0,74.1988,2025-12-26 05:00:00+00:00,38043,,BND
2531,690.64,691.66,689.27,690.31,41613347.0,690.2963,2025-12-26 05:00:00+00:00,587527,,SPY
2532,49.11,49.14,49.11,49.13,171816.0,49.1285,2025-12-26 05:00:00+00:00,736,,VNLA
2533,88.7,88.92,88.46,88.86,2065781.0,88.6423,2025-12-26 05:00:00+00:00,29757,,VNQ
2534,142.55,142.61,142.225,142.5,1699021.0,142.4191,2025-12-26 05:00:00+00:00,38951,,VT
2535,74.26,74.3,74.21,74.3,9105681.0,74.2686,2025-12-29 05:00:00+00:00,47496,,BND
2536,687.54,689.2,686.07,687.85,62559503.0,687.779,2025-12-29 05:00:00+00:00,782231,,SPY
2537,49.12,49.13,49.11,49.13,293725.0,49.1224,2025-12-29 05:00:00+00:00,981,,VNLA
2538,89.24,89.33,88.794,89.04,2604009.0,88.9964,2025-12-29 05:00:00+00:00,39089,,VNQ
2539,142.12,142.3,141.67,142.01,2760412.0,141.9395,2025-12-29 05:00:00+00:00,45930,,VT
2540,74.225,74.29,74.1825,74.27,7743230.0,74.2486,2025-12-30 05:00:00+00:00,39444,,BND
2541,687.445,688.555,686.58,687.01,47160671.0,687.429,2025-12-30 05:00:00+00:00,609770,,SPY
2542,49.14,49.14,49.13,49.14,404535.0,49.1356,2025-12-30 05:00:00+00:00,1052,,VNLA
2543,89.095,89.27,88.915,89.22,2813521.0,89.0918,2025-12-30 05:00:00+00:00,35153,,VNQ
2544,142.15,142.35,141.95,141.98,2538632.0,142.1314,2025-12-30 05:00:00+00:00,39297,,VT
2545,74.17,74.25,74.06,74.07,8846925.0,74.1596,2025-12-31 05:00:00+00:00,38429,,BND
2546,687.14,687.36,681.71,681.92,74144801.0,684.1615,2025-12-31 05:00:00+00:00,900617,,SPY
2547,49.14,49.14,49.125,49.14,408052.0,49.135,2025-12-31 05:00:00+00:00,926,,VNLA
2548,89.18,89.2,88.45,88.49,3301734.0,88.6923,2025-12-31 05:00:00+00:00,42322,,VNQ
2549,141.965,142.05,141.025,141.06,3672560.0,141.4938,2025-12-31 05:00:00+00:00,47467,,VT
2550,74.125,74.16,74.02,74.04,7453517.0,74.0757,2026-01-02 05:00:00+00:00,50379,,BND
2551,685.71,686.87,679.82,683.17,89377203.0,682.9665,2026-01-02 05:00:00+00:00,1251774,,SPY
2552,49.17,49.17,49.15,49.15,246906.0,49.1565,2026-01-02 05:00:00+00:00,786,,VNLA
2553,88.37,88.85,87.84,88.52,3524509.0,88.3041,2026-01-02 05:00:00+00:00,50500,,VNQ
2554,142.26,142.47,141.38,142.1,4387715.0,141.9216,2026-01-02 05:00:00+00:00,82076,,VT
2555,74.11,74.21,74.08,74.18,11059141.0,74.1674,2026-01-05 05:00:00+00:00,66512,,BND
2556,686.54,689.43,686.375,687.72,71927191.0,687.7725,2026-01-05 05:00:00+00:00,959129,,SPY
2557,49.16,49.17,49.16,49.17,312057.0,49.1653,2026-01-05 05:00:00+00:00,1003,,VNLA
2558,88.3,89.065,87.875,88.72,5501563.0,88.5217,2026-01-05 05:00:00+00:00,66893,,VNQ
2559,142.73,143.5,142.675,143.3,7382396.0,143.2097,2026-01-05 05:00:00+00:00,75974,,VT
2560,74.125,74.19,74.0301,74.18,9078967.0,74.1188,2026-01-06 05:00:00+00:00,45381,,BND
2561,687.93,692.315,687.78,691.81,69273827.0,690.5702,2026-01-06 05:00:00+00:00,999399,,SPY
2562,49.18,49.18,49.16,49.17,347013.0,49.1706,2026-01-06 05:00:00+00:00,1124,,VNLA
2563,88.38,89.575,88.28,89.37,4889819.0,88.9513,2026-01-06 05:00:00+00:00,54948,,VNQ
2564,143.55,144.22,143.485,144.14,4700553.0,143.9493,2026-01-06 05:00:00+00:00,53660,,VT
2565,74.3,74.32,74.2,74.26,11576554.0,74.2744,2026-01-07 05:00:00+00:00,44382,,BND
2566,692.19,693.96,689.32,689.58,75588337.0,691.6323,2026-01-07 05:00:00+00:00,999349,,SPY
2567,49.19,49.19,49.18,49.18,525552.0,49.187,2026-01-07 05:00:00+00:00,1391,,VNLA
2568,89.87,90.01,88.48,88.5,6668177.0,89.1558,2026-01-07 05:00:00+00:00,70517,,VNQ
2569,144.12,144.27,143.46,143.54,7542293.0,143.8368,2026-01-07 05:00:00+00:00,60868,,VT
2570,74.12,74.18,74.1,74.13,9906798.0,74.1374,2026-01-08 05:00:00+00:00,38057,,BND
2571,688.82,690.615,687.49,689.51,64019200.0,689.2569,2026-01-08 05:00:00+00:00,946792,,SPY
2572,49.18,49.2,49.18,49.19,374757.0,49.1902,2026-01-08 05:00:00+00:00,956,,VNLA
2573,88.1,89.63,88.01,89.29,5165995.0,89.2045,2026-01-08 05:00:00+00:00,49936,,VNQ
2574,143.32,143.72,143.12,143.64,3069971.0,143.4502,2026-01-08 05:00:00+00:00,44723,,VT
2575,74.18,74.36,74.13,74.29,10536750.0,74.2755,2026-01-09 05:00:00+00:00,47316,,BND
2576,690.63,695.31,689.18,694.07,80125467.0,692.9297,2026-01-09 05:00:00+00:00,992587,,SPY
2577,49.21,49.21,49.19,49.2,285300.0,49.2035,2026-01-09 05:00:00+00:00,904,,VNLA
2578,89.31,90.02,89.31,89.47,4126084.0,89.6476,2026-01-09 05:00:00+00:00,49918,,VNQ
2579,143.92,144.76,143.72,144.59,3998706.0,144.3215,2026-01-09 05:00:00+00:00,53015,,VT
2580,74.21,74.3,74.16,74.22,9851026.0,74.2323,2026-01-12 05:00:00+00:00,48048,,BND
2581,690.68,696.09,690.63,695.16,63976002.0,694.2762,2026-01-12 05:00:00+00:00,905312,,SPY
2582,49.21,49.22,49.2,49.22,253550.0,49.2102,2026-01-12 05:00:00+00:00,1073,,VNLA
2583,89.58,89.955,89.32,89.59,3342583.0,89.5544,2026-01-12 05:00:00+00:00,43087,,VNQ
2584,144.38,145.315,144.37,145.24,3400799.0,144.9451,2026-01-12 05:00:00+00:00,44633,,VT
2585,74.305,74.32,74.22,74.28,11835203.0,74.2817,2026-01-13 05:00:00+00:00,41618,,BND
2586,695.49,696.09,691.35,693.77,78309726.0,693.633,2026-01-13 05:00:00+00:00,1084111,,SPY
2587,49.23,49.23,49.22,49.23,337129.0,49.2266,2026-01-13 05:00:00+00:00,943,,VNLA
2588,89.62,90.16,88.81,90.09,3085327.0,89.6382,2026-01-13 05:00:00+00:00,39254,,VNQ
2589,145.18,145.255,144.38,144.7,4232103.0,144.7589,2026-01-13 05:00:00+00:00,54168,,VT
2590,74.32,74.46,74.32,74.43,8765864.0,74.4169,2026-01-14 05:00:00+00:00,39342,,BND
2591,691.0,691.72,686.04,690.36,94676684.0,689.1069,2026-01-14 05:00:00+00:00,1295904,,SPY
2592,49.23,49.24,49.2231,49.24,275840.0,49.2357,2026-01-14 05:00:00+00:00,929,,VNLA
2593,90.085,90.89,90.01,90.87,3535361.0,90.4699,2026-01-14 05:00:00+00:00,46515,,VNQ
2594,144.485,144.6758,143.835,144.6,4545073.0,144.2691,2026-01-14 05:00:00+00:00,63946,,VT
2595,74.45,74.465,74.32,74.32,9959630.0,74.3719,2026-01-15 05:00:00+00:00,38950,,BND
2596,694.57,695.45,691.25,692.24,77861974.0,693.3425,2026-01-15 05:00:00+00:00,1110018,,SPY
2597,49.24,49.24,49.23,49.24,364857.0,49.2355,2026-01-15 05:00:00+00:00,1297,,VNLA
2598,91.3,91.89,91.02,91.5,3845576.0,91.5257,2026-01-15 05:00:00+00:00,44206,,VNQ
2599,145.34,145.55,144.83,144.93,4058563.0,145.1967,2026-01-15 05:00:00+00:00,50283,,VT
2600,74.32,74.33,74.18,74.2,16105148.0,74.2431,2026-01-16 05:00:00+00:00,47358,,BND
2601,693.66,694.25,690.1,691.66,79289200.0,692.3598,2026-01-16 05:00:00+00:00,1000260,,SPY
2602,49.24,49.26,49.24,49.25,665864.0,49.2553,2026-01-16 05:00:00+00:00,1281,,VNLA
2603,91.34,92.815,91.2054,92.62,4819629.0,92.4059,2026-01-16 05:00:00+00:00,44678,,VNQ
2604,145.23,145.235,144.48,144.93,3127653.0,144.9892,2026-01-16 05:00:00+00:00,44390,,VT
2605,73.91,74.0253,73.9,73.93,12982677.0,73.9597,2026-01-20 05:00:00+00:00,67318,,BND
2606,681.49,684.77,676.57,677.58,111623277.0,680.8625,2026-01-20 05:00:00+00:00,1533779,,SPY
2607,49.25,49.26,49.25,49.26,576179.0,49.2558,2026-01-20 05:00:00+00:00,1279,,VNLA
2608,91.82,92.07,90.84,90.9,4648896.0,91.2028,2026-01-20 05:00:00+00:00,63349,,VNQ
2609,143.16,143.74,142.2846,142.45,7591373.0,142.9362,2026-01-20 05:00:00+00:00,93806,,VT
2610,74.01,74.16,73.95,74.14,11453175.0,74.0556,2026-01-21 05:00:00+00:00,46701,,BND
2611,679.65,688.735,678.13,685.4,127844467.0,683.0486,2026-01-21 05:00:00+00:00,1731689,,SPY
2612,49.28,49.28,49.26,49.26,408354.0,49.2738,2026-01-21 05:00:00+00:00,874,,VNLA
2613,91.54,91.69,90.53,91.26,6140307.0,91.1324,2026-01-21 05:00:00+00:00,68042,,VNQ
2614,143.1,144.75,142.73,144.12,6825892.0,143.7783,2026-01-21 05:00:00+00:00,78927,,VT
2615,74.09,74.21,74.0517,74.17,13512416.0,74.129,2026-01-22 05:00:00+00:00,45472,,BND
2616,689.85,691.125,686.92,688.98,77112243.0,689.0949,2026-01-22 05:00:00+00:00,1003227,,SPY
2617,49.29,49.29,49.27,49.29,703484.0,49.2816,2026-01-22 05:00:00+00:00,1415,,VNLA
2618,91.37,91.62,90.3093,90.36,3922910.0,90.9535,2026-01-22 05:00:00+00:00,51054,,VNQ
2619,145.0,145.325,144.56,144.92,5292980.0,144.9735,2026-01-22 05:00:00+00:00,56087,,VT
2620,74.2,74.26,74.12,74.25,8079852.0,74.2025,2026-01-23 05:00:00+00:00,36792,,BND
2621,688.15,690.96,687.16,689.23,63059578.0,689.1564,2026-01-23 05:00:00+00:00,901616,,SPY
2622,49.31,49.31,49.29,49.3,407654.0,49.3004,2026-01-23 05:00:00+00:00,947,,VNLA
2623,90.22,90.625,89.875,90.54,2838199.0,90.3185,2026-01-23 05:00:00+00:00,39589,,VNQ
2624,144.74,145.32,144.5101,145.2,3791679.0,145.0412,2026-01-23 05:00:00+00:00,45206,,VT
2625,74.34,74.3799,74.31,74.34,7137288.0,74.3453,2026-01-26 05:00:00+00:00,42046,,BND
2626,690.49,694.13,689.92,692.73,60473813.0,692.6759,2026-01-26 05:00:00+00:00,831181,,SPY
2627,49.3,49.32,49.3,49.31,328023.0,49.3075,2026-01-26 05:00:00+00:00,1084,,VNLA
2628,90.79,91.055,90.32,90.42,3004662.0,90.5721,2026-01-26 05:00:00+00:00,42421,,VNQ
2629,145.67,146.1499,145.53,145.84,4678606.0,145.9374,2026-01-26 05:00:00+00:00,57487,,VT
2630,74.31,74.38,74.25,74.28,9827943.0,74.307,2026-01-27 05:00:00+00:00,41048,,BND
2631,694.18,696.53,693.57,695.49,55506147.0,695.4809,2026-01-27 05:00:00+00:00,708562,,SPY
2632,49.31,49.33,49.31,49.32,320678.0,49.3254,2026-01-27 05:00:00+00:00,1205,,VNLA
2633,90.305,90.58,90.04,90.39,3217100.0,90.347,2026-01-27 05:00:00+00:00,38610,,VNQ
2634,146.51,147.15,146.48,147.05,4936866.0,146.9167,2026-01-27 05:00:00+00:00,43881,,VT
2635,74.24,74.255,74.1458,74.25,9328279.0,74.2129,2026-01-28 05:00:00+00:00,39209,,BND
2636,697.05,697.84,693.94,695.42,61172165.0,695.7539,2026-01-28 05:00:00+00:00,865563,,SPY
2637,49.34,49.34,49.32,49.33,628102.0,49.3256,2026-01-28 05:00:00+00:00,1429,,VNLA
2638,90.48,90.615,89.24,89.46,4520546.0,89.9303,2026-01-28 05:00:00+00:00,57399,,VNQ
2639,147.15,147.259,146.32,146.8,4430290.0,146.7699,2026-01-28 05:00:00+00:00,52432,,VT
2640,74.15,74.32,74.14,74.26,16397326.0,74.2587,2026-01-29 05:00:00+00:00,38189,,BND
2641,696.39,697.06,684.83,694.04,97486198.0,691.0087,2026-01-29 05:00:00+00:00,1426084,,SPY
2642,49.33,49.34,49.33,49.33,700173.0,49.3353,2026-01-29 05:00:00+00:00,1342,,VNLA
2643,89.98,90.83,89.415,90.71,7283919.0,90.3987,2026-01-29 05:00:00+00:00,63477,,VNQ
2644,147.48,147.48,144.85,146.72,8850029.0,146.0958,2026-01-29 05:00:00+00:00,70735,,VT
2645,74.25,74.3,74.17,74.23,8977461.0,74.2575,2026-01-30 05:00:00+00:00,36223,,BND
2646,691.79,694.21,687.12,691.97,101835131.0,691.6727,2026-01-30 05:00:00+00:00,1203680,,SPY
2647,49.18,49.18,49.15,49.17,465050.0,49.1644,2026-01-30 05:00:00+00:00,1061,,VNLA
2648,90.46,90.82,89.655,90.8,4618037.0,90.3232,2026-01-30 05:00:00+00:00,56006,,VNQ
2649,146.1,146.4,144.6,145.45,13316013.0,145.5202,2026-01-30 05:00:00+00:00,103818,,VT
2650,74.03,74.04,73.89,73.91,8636352.0,73.9421,2026-02-02 05:00:00+00:00,52825,,BND
2651,689.58,696.93,69.005,695.41,79286521.0,694.7595,2026-02-02 05:00:00+00:00,1104182,,SPY
2652,49.16,49.17,49.14,49.14,624369.0,49.1624,2026-02-02 05:00:00+00:00,1113,,VNLA
2653,90.9,91.15,89.82,89.86,5280754.0,90.3651,2026-02-02 05:00:00+00:00,55446,,VNQ
2654,145.175,146.43,145.07,146.15,4177353.0,145.9201,2026-02-02 05:00:00+00:00,67880,,VT
2655,73.86,73.94,73.84,73.93,11287100.0,73.8968,2026-02-03 05:00:00+00:00,48967,,BND
2656,696.21,696.96,684.03,689.53,107904611.0,689.9036,2026-02-03 05:00:00+00:00,1530140,,SPY
2657,49.16,49.17,49.16,49.17,611567.0,49.1636,2026-02-03 05:00:00+00:00,1244,,VNLA
2658,89.745,90.18,89.07,89.66,4821961.0,89.5548,2026-02-03 05:00:00+00:00,63170,,VNQ
2659,146.45,146.56,144.3855,145.61,5718653.0,145.4943,2026-02-03 05:00:00+00:00,86060,,VT
2660,73.89,73.962,73.85,73.9,11709972.0,73.9094,2026-02-04 05:00:00+00:00,42431,,BND
2661,690.35,691.45,681.76,686.19,105204600.0,686.8159,2026-02-04 05:00:00+00:00,1712102,,SPY
2662,49.17,49.19,49.17,49.17,617764.0,49.182,2026-02-04 05:00:00+00:00,1375,,VNLA
2663,90.24,91.32,89.89,90.95,3941137.0,90.8873,2026-02-04 05:00:00+00:00,54122,,VNQ
2664,146.27,146.395,144.31,145.13,7009755.0,145.3394,2026-02-04 05:00:00+00:00,86415,,VT
2665,74.055,74.24,74.01,74.22,12216651.0,74.1604,2026-02-05 05:00:00+00:00,42250,,BND
2666,680.94,683.69,675.79,677.62,113610812.0,679.1707,2026-02-05 05:00:00+00:00,1703564,,SPY
2667,49.2,49.22,49.18,49.21,640399.0,49.1984,2026-02-05 05:00:00+00:00,1599,,VNLA
2668,90.76,91.33,90.24,90.82,3588497.0,90.8332,2026-02-05 05:00:00+00:00,63752,,VNQ
2669,144.01,144.71,143.12,143.37,8561292.0,143.6888,2026-02-05 05:00:00+00:00,101552,,VT
2670,74.23,74.25,74.13,74.23,8257231.0,74.1884,2026-02-06 05:00:00+00:00,39802,,BND
2671,681.46,692.31,680.85,690.62,89127566.0,687.3549,2026-02-06 05:00:00+00:00,1394903,,SPY
2672,49.22,49.23,49.22,49.22,256244.0,49.2255,2026-02-06 05:00:00+00:00,978,,VNLA
2673,91.53,92.38,91.325,92.25,3638714.0,91.865,2026-02-06 05:00:00+00:00,51752,,VNQ
2674,144.64,146.66,144.62,146.46,2636548.0,145.687,2026-02-06 05:00:00+00:00,52644,,VT
2675,74.17,74.27,74.14,74.25,9429669.0,74.215,2026-02-09 05:00:00+00:00,44489,,BND
2676,689.42,695.87,688.34,693.95,73880123.0,693.5817,2026-02-09 05:00:00+00:00,1089371,,SPY
2677,49.24,49.25,49.23,49.23,339743.0,49.2431,2026-02-09 05:00:00+00:00,1030,,VNLA
2678,92.16,92.72,91.6,92.64,3021088.0,92.3873,2026-02-09 05:00:00+00:00,43033,,VNQ
2679,146.47,147.93,146.3225,147.67,3889929.0,147.3075,2026-02-09 05:00:00+00:00,57567,,VT
2680,74.45,74.52,74.43,74.47,8288363.0,74.473,2026-02-10 05:00:00+00:00,36639,,BND
2681,694.95,696.54,691.66,692.12,65178906.0,694.0032,2026-02-10 05:00:00+00:00,997647,,SPY
2682,49.24,49.25,49.2335,49.25,276473.0,49.2453,2026-02-10 05:00:00+00:00,937,,VNLA
2683,92.76,94.11,92.74,93.88,4265721.0,93.6655,2026-02-10 05:00:00+00:00,52115,,VNQ
2684,148.22,148.3,147.54,147.58,3723812.0,147.9753,2026-02-10 05:00:00+00:00,52440,,VT
